time,symbol,timeframe,open,high,low,close,tick_volume,real_volume,spread
2025-10-31 09:00:00,XAUUSD,M5,4012.98,4016.61,4007.67,4015.71,418,0,5
2025-10-31 09:05:00,XAUUSD,M5,4015.52,4016.71,4008.85,4009.02,433,0,16
2025-10-31 09:10:00,XAUUSD,M5,4008.91,4015.56,4007.61,4015.53,421,0,15
2025-10-31 09:15:00,XAUUSD,M5,4015.59,4020.4,4014.19,4017.58,417,0,5
2025-10-31 09:20:00,XAUUSD,M5,4017.92,4023.19,4017.87,4020.64,401,0,16
2025-10-31 09:25:00,XAUUSD,M5,4020.55,4023.7,4018.92,4023.46,376,0,5
2025-10-31 09:30:00,XAUUSD,M5,4023.46,4025.3,4020.85,4021.04,411,0,5
2025-10-31 09:35:00,XAUUSD,M5,4021.14,4021.28,4017.69,4018.57,402,0,16
2025-10-31 09:40:00,XAUUSD,M5,4018.56,4019.27,4012.05,4012.33,386,0,5
2025-10-31 09:45:00,XAUUSD,M5,4012.54,4019.85,4012.52,4018.29,378,0,6
2025-10-31 09:50:00,XAUUSD,M5,4018.15,4018.56,4015.4,4017.38,342,0,5
2025-10-31 09:55:00,XAUUSD,M5,4017.64,4023.89,4017.63,4021.03,432,0,5
2025-10-31 10:00:00,XAUUSD,M5,4021.21,4024.52,4019.05,4022.94,430,0,5
2025-10-31 10:05:00,XAUUSD,M5,4022.98,4026.76,4022.92,4026.08,389,0,5
2025-10-31 10:10:00,XAUUSD,M5,4026.08,4026.58,4023.07,4023.35,406,0,5
2025-10-31 10:15:00,XAUUSD,M5,4023.04,4023.19,4020.72,4022.13,401,0,5
2025-10-31 10:20:00,XAUUSD,M5,4021.89,4024.12,4020.15,4021.26,368,0,5
2025-10-31 10:25:00,XAUUSD,M5,4021.25,4023.17,4018.27,4020.91,390,0,13
2025-10-31 10:30:00,XAUUSD,M5,4021.39,4023.48,4018.88,4019.15,387,0,5
2025-10-31 10:35:00,XAUUSD,M5,4019.11,4022.15,4018.79,4022.15,396,0,12
2025-10-31 10:40:00,XAUUSD,M5,4022.12,4025.96,4019.44,4019.93,417,0,16
2025-10-31 10:45:00,XAUUSD,M5,4019.96,4021.05,4017.79,4020.16,398,0,6
2025-10-31 10:50:00,XAUUSD,M5,4020.16,4020.16,4006.52,4007.6,425,0,7
2025-10-31 10:55:00,XAUUSD,M5,4007.53,4011.26,4007.2,4010.4,432,0,15
2025-10-31 11:00:00,XAUUSD,M5,4010.37,4013.89,4008.36,4012.32,429,0,9
2025-10-31 11:05:00,XAUUSD,M5,4012.34,4013.06,4008.52,4010.16,397,0,5
2025-10-31 11:10:00,XAUUSD,M5,4010.13,4010.16,4006.55,4006.67,355,0,5
2025-10-31 11:15:00,XAUUSD,M5,4006.35,4008.2,4003.69,4003.7,390,0,16
2025-10-31 11:20:00,XAUUSD,M5,4003.71,4004.26,3998.93,4002.85,443,0,15
2025-10-31 11:25:00,XAUUSD,M5,4003.06,4005.08,4001.92,4002.44,380,0,16
2025-10-31 11:30:00,XAUUSD,M5,4002.69,4006.62,4000.28,4006.47,377,0,5
2025-10-31 11:35:00,XAUUSD,M5,4006.95,4007.02,4002.35,4003.08,397,0,16
2025-10-31 11:40:00,XAUUSD,M5,4003.01,4004.72,4002.47,4004.04,350,0,5
2025-10-31 11:45:00,XAUUSD,M5,4004.24,4005.8,4000.47,4001.18,382,0,15
2025-10-31 11:50:00,XAUUSD,M5,4001.31,4003.51,4000.41,4003.32,369,0,17
2025-10-31 11:55:00,XAUUSD,M5,4003.31,4009.68,4003.3,4008.5,373,0,5
2025-10-31 12:00:00,XAUUSD,M5,4008.7,4013.04,4008.38,4012.11,399,0,16
2025-10-31 12:05:00,XAUUSD,M5,4012.08,4016.12,4011.4,4015.71,400,0,16
2025-10-31 12:10:00,XAUUSD,M5,4015.79,4016.72,4014.86,4015.95,370,0,5
2025-10-31 12:15:00,XAUUSD,M5,4015.96,4016.3,4011.36,4013.78,402,0,16
2025-10-31 12:20:00,XAUUSD,M5,4013.83,4015.85,4011.53,4011.77,375,0,5
2025-10-31 12:25:00,XAUUSD,M5,4011.76,4016.18,4010.48,4013.33,400,0,5
2025-10-31 12:30:00,XAUUSD,M5,4012.82,4014.12,4010.55,4011.04,357,0,5
2025-10-31 12:35:00,XAUUSD,M5,4011.1,4011.46,4008.47,4010.98,347,0,16
2025-10-31 12:40:00,XAUUSD,M5,4010.88,4011.23,4008.76,4010.26,259,0,16
2025-10-31 12:45:00,XAUUSD,M5,4010.13,4010.6,4004.81,4006.78,349,0,16
2025-10-31 12:50:00,XAUUSD,M5,4006.83,4007.46,4005.22,4005.96,349,0,17
2025-10-31 12:55:00,XAUUSD,M5,4005.61,4008.38,4003.64,4007.48,386,0,17
2025-10-31 13:00:00,XAUUSD,M5,4007.46,4008.99,4006.59,4008.6,366,0,15
2025-10-31 13:05:00,XAUUSD,M5,4008.61,4009.56,4004.06,4005.39,354,0,7
2025-10-31 13:10:00,XAUUSD,M5,4005.37,4007.86,4004.33,4006.03,360,0,16
2025-10-31 13:15:00,XAUUSD,M5,4006.02,4007.31,4003.07,4004.08,344,0,14
2025-10-31 13:20:00,XAUUSD,M5,4004.1,4004.66,4001.7,4004.42,380,0,16
2025-10-31 13:25:00,XAUUSD,M5,4004.47,4008.12,4004.45,4005.52,360,0,16
2025-10-31 13:30:00,XAUUSD,M5,4005.51,4007.23,4003.16,4003.45,355,0,16
2025-10-31 13:35:00,XAUUSD,M5,4003.48,4007.13,4001.95,4006.86,358,0,7
2025-10-31 13:40:00,XAUUSD,M5,4007.02,4008.82,4005.97,4008.82,386,0,16
2025-10-31 13:45:00,XAUUSD,M5,4008.84,4010.32,4006.24,4006.94,396,0,16
2025-10-31 13:50:00,XAUUSD,M5,4006.97,4011.23,4006.64,4008.67,380,0,16
2025-10-31 13:55:00,XAUUSD,M5,4008.84,4010.48,4007.76,4010.48,346,0,16
2025-10-31 14:00:00,XAUUSD,M5,4010.39,4011.11,4009.26,4010.85,411,0,16
2025-10-31 14:05:00,XAUUSD,M5,4010.66,4011.5,4009.97,4010.22,373,0,16
2025-10-31 14:10:00,XAUUSD,M5,4010.39,4013.21,4010.09,4012.44,385,0,17
2025-10-31 14:15:00,XAUUSD,M5,4012.47,4014.34,4011.9,4013.14,388,0,12
2025-10-31 14:20:00,XAUUSD,M5,4013.06,4024.52,4012.51,4023.88,451,0,9
2025-10-31 14:25:00,XAUUSD,M5,4023.9,4025.33,4019.37,4019.52,437,0,18
2025-10-31 14:30:00,XAUUSD,M5,4019.18,4020.03,4016.68,4017.82,414,0,17
2025-10-31 14:35:00,XAUUSD,M5,4017.66,4027.13,4016.87,4026.18,462,0,17
2025-10-31 14:40:00,XAUUSD,M5,4026.24,4032.91,4025.06,4029.71,477,0,11
2025-10-31 14:45:00,XAUUSD,M5,4029.45,4036.36,4028.36,4032.5,440,0,16
2025-10-31 14:50:00,XAUUSD,M5,4032.45,4032.53,4024.78,4026.13,442,0,17
2025-10-31 14:55:00,XAUUSD,M5,4026.25,4026.25,4020.85,4022.99,434,0,17
2025-10-31 15:00:00,XAUUSD,M5,4022.98,4027.36,4020.62,4027.12,474,0,6
2025-10-31 15:05:00,XAUUSD,M5,4027.03,4029.71,4023.89,4029.3,439,0,10
2025-10-31 15:10:00,XAUUSD,M5,4029.24,4035.01,4028.9,4031.32,470,0,5
2025-10-31 15:15:00,XAUUSD,M5,4031.21,4032.02,4028.53,4029.25,422,0,14
2025-10-31 15:20:00,XAUUSD,M5,4029.05,4031.46,4026.59,4031.03,430,0,5
2025-10-31 15:25:00,XAUUSD,M5,4030.98,4031.31,4025.7,4026.67,433,0,5
2025-10-31 15:30:00,XAUUSD,M5,4027.53,4028.31,4019.56,4021.95,489,0,14
2025-10-31 15:35:00,XAUUSD,M5,4022.35,4023.99,4016.57,4019.55,467,0,17
2025-10-31 15:40:00,XAUUSD,M5,4019.62,4020.42,4013.18,4016.05,449,0,5
2025-10-31 15:45:00,XAUUSD,M5,4016.09,4022.67,4015.85,4019.1,469,0,13
2025-10-31 15:50:00,XAUUSD,M5,4019.77,4020.53,4010.25,4014.49,489,0,13
2025-10-31 15:55:00,XAUUSD,M5,4014.0,4018.18,4011.99,4017.03,454,0,6
2025-10-31 16:00:00,XAUUSD,M5,4016.64,4026.7,4016.64,4025.4,477,0,16
2025-10-31 16:05:00,XAUUSD,M5,4025.54,4027.42,4021.15,4021.31,462,0,15
2025-10-31 16:10:00,XAUUSD,M5,4021.24,4025.16,4018.36,4019.69,459,0,16
2025-10-31 16:15:00,XAUUSD,M5,4019.73,4024.98,4018.75,4024.81,454,0,16
2025-10-31 16:20:00,XAUUSD,M5,4024.81,4025.58,4018.91,4024.14,454,0,6
2025-10-31 16:25:00,XAUUSD,M5,4023.96,4024.29,4014.95,4015.66,453,0,5
2025-10-31 16:30:00,XAUUSD,M5,4015.14,4021.41,4013.03,4020.2,453,0,5
2025-10-31 16:35:00,XAUUSD,M5,4020.28,4021.33,4013.92,4016.09,434,0,17
2025-10-31 16:40:00,XAUUSD,M5,4016.11,4018.01,4014.11,4016.88,440,0,17
2025-10-31 16:45:00,XAUUSD,M5,4017.06,4017.08,4011.94,4014.35,431,0,17
2025-10-31 16:50:00,XAUUSD,M5,4014.13,4019.31,4010.7,4019.31,437,0,7
2025-10-31 16:55:00,XAUUSD,M5,4019.41,4022.37,4018.01,4020.62,445,0,17
2025-10-31 17:00:00,XAUUSD,M5,4020.61,4020.75,4009.42,4014.14,468,0,5
2025-10-31 17:05:00,XAUUSD,M5,4013.93,4015.46,4009.59,4012.82,457,0,15
2025-10-31 17:10:00,XAUUSD,M5,4012.87,4017.55,4010.22,4017.31,429,0,5
2025-10-31 17:15:00,XAUUSD,M5,4017.32,4019.61,4014.84,4016.04,432,0,5
2025-10-31 17:20:00,XAUUSD,M5,4016.02,4018.2,4015.09,4018.15,410,0,8
2025-10-31 17:25:00,XAUUSD,M5,4018.32,4019.1,4014.71,4017.89,427,0,16
2025-10-31 17:30:00,XAUUSD,M5,4017.83,4021.55,4015.99,4021.52,441,0,9
2025-10-31 17:35:00,XAUUSD,M5,4021.56,4022.44,4018.85,4019.9,435,0,15
2025-10-31 17:40:00,XAUUSD,M5,4019.93,4022.4,4017.38,4020.71,422,0,5
2025-10-31 17:45:00,XAUUSD,M5,4020.74,4021.18,4013.14,4016.7,467,0,7
2025-10-31 17:50:00,XAUUSD,M5,4016.67,4022.11,4015.75,4021.02,412,0,15
2025-10-31 17:55:00,XAUUSD,M5,4021.08,4021.31,4011.64,4012.91,445,0,9
2025-10-31 18:00:00,XAUUSD,M5,4012.88,4015.12,4005.01,4006.0,455,0,17
2025-10-31 18:05:00,XAUUSD,M5,4005.63,4007.32,3997.85,3999.02,478,0,14
2025-10-31 18:10:00,XAUUSD,M5,3999.02,3999.02,3978.53,3979.06,508,0,5
2025-10-31 18:15:00,XAUUSD,M5,3978.63,3982.44,3972.58,3978.64,542,0,5
2025-10-31 18:20:00,XAUUSD,M5,3978.18,3986.55,3977.59,3986.0,493,0,8
2025-10-31 18:25:00,XAUUSD,M5,3985.89,3989.89,3980.83,3986.15,477,0,13
2025-10-31 18:30:00,XAUUSD,M5,3985.53,3990.39,3985.3,3986.56,452,0,16
2025-10-31 18:35:00,XAUUSD,M5,3986.48,3989.25,3983.34,3987.85,463,0,5
2025-10-31 18:40:00,XAUUSD,M5,3987.71,3988.77,3981.64,3984.48,462,0,17
2025-10-31 18:45:00,XAUUSD,M5,3984.47,3986.81,3983.14,3986.31,411,0,5
2025-10-31 18:50:00,XAUUSD,M5,3986.4,3986.79,3980.54,3980.54,434,0,17
2025-10-31 18:55:00,XAUUSD,M5,3980.58,3982.99,3978.88,3980.76,441,0,5
2025-10-31 19:00:00,XAUUSD,M5,3980.95,3989.53,3980.95,3988.0,466,0,13
2025-10-31 19:05:00,XAUUSD,M5,3988.29,3989.44,3984.8,3986.17,431,0,5
2025-10-31 19:10:00,XAUUSD,M5,3986.01,3986.63,3981.76,3983.05,433,0,15
2025-10-31 19:15:00,XAUUSD,M5,3982.84,3986.37,3981.56,3983.18,394,0,6
2025-10-31 19:20:00,XAUUSD,M5,3983.2,3986.84,3982.48,3985.88,415,0,5
2025-10-31 19:25:00,XAUUSD,M5,3985.86,3987.55,3983.55,3984.64,433,0,16
2025-10-31 19:30:00,XAUUSD,M5,3984.34,3988.46,3980.75,3986.23,447,0,5
2025-10-31 19:35:00,XAUUSD,M5,3986.21,3989.37,3984.38,3988.78,426,0,6
2025-10-31 19:40:00,XAUUSD,M5,3988.89,3999.26,3988.0,3998.18,451,0,10
2025-10-31 19:45:00,XAUUSD,M5,3998.59,4003.57,3996.38,4001.02,446,0,16
2025-10-31 19:50:00,XAUUSD,M5,4000.93,4001.84,3998.01,3998.63,397,0,5
2025-10-31 19:55:00,XAUUSD,M5,3998.62,4000.05,3997.15,3997.69,396,0,16
2025-10-31 20:00:00,XAUUSD,M5,3997.7,3999.27,3995.81,3997.39,410,0,16
2025-10-31 20:05:00,XAUUSD,M5,3997.42,4001.22,3997.42,3999.34,421,0,14
2025-10-31 20:10:00,XAUUSD,M5,3999.41,4007.24,3998.83,4006.3,436,0,5
2025-10-31 20:15:00,XAUUSD,M5,4006.27,4009.69,4005.19,4008.95,429,0,10
2025-10-31 20:20:00,XAUUSD,M5,4008.8,4009.71,4007.09,4009.02,403,0,7
2025-10-31 20:25:00,XAUUSD,M5,4009.13,4010.19,4008.4,4008.61,373,0,5
2025-10-31 20:30:00,XAUUSD,M5,4008.62,4009.03,4004.89,4006.05,395,0,5
2025-10-31 20:35:00,XAUUSD,M5,4006.59,4007.05,4004.3,4005.04,385,0,5
2025-10-31 20:40:00,XAUUSD,M5,4005.04,4005.58,4002.79,4004.04,367,0,5
2025-10-31 20:45:00,XAUUSD,M5,4004.03,4006.05,4002.86,4003.3,363,0,5
2025-10-31 20:50:00,XAUUSD,M5,4003.33,4003.85,3999.44,4000.43,379,0,5
2025-10-31 20:55:00,XAUUSD,M5,4000.35,4001.88,3999.69,4000.01,373,0,16
2025-10-31 21:00:00,XAUUSD,M5,3999.97,4004.16,3999.16,4002.13,430,0,5
2025-10-31 21:05:00,XAUUSD,M5,4002.12,4005.63,4001.61,4004.09,393,0,16
2025-10-31 21:10:00,XAUUSD,M5,4004.2,4004.78,3999.6,3999.75,371,0,16
2025-10-31 21:15:00,XAUUSD,M5,3999.86,4000.34,3991.63,3991.83,452,0,17
2025-10-31 21:20:00,XAUUSD,M5,3992.15,3994.93,3991.31,3994.24,438,0,8
2025-10-31 21:25:00,XAUUSD,M5,3994.4,4002.16,3993.76,4001.7,434,0,5
2025-10-31 21:30:00,XAUUSD,M5,4001.68,4001.68,3997.34,3998.0,408,0,5
2025-10-31 21:35:00,XAUUSD,M5,3998.0,3998.22,3994.79,3996.12,423,0,16
2025-10-31 21:40:00,XAUUSD,M5,3996.08,3999.39,3996.08,3999.1,419,0,15
2025-10-31 21:45:00,XAUUSD,M5,3999.13,4000.93,3997.67,3998.15,423,0,16
2025-10-31 21:50:00,XAUUSD,M5,3998.47,3999.77,3996.16,3996.84,426,0,16
2025-10-31 21:55:00,XAUUSD,M5,3996.45,4001.79,3996.45,4001.15,433,0,5
2025-10-31 22:00:00,XAUUSD,M5,4000.92,4001.33,3997.36,3998.78,316,0,5
2025-10-31 22:05:00,XAUUSD,M5,3998.8,3998.9,3997.71,3998.15,224,0,5
2025-10-31 22:10:00,XAUUSD,M5,3998.26,3999.35,3996.19,3998.52,256,0,16
2025-10-31 22:15:00,XAUUSD,M5,3998.49,3999.39,3997.25,3997.8,287,0,16
2025-10-31 22:20:00,XAUUSD,M5,3997.82,3999.47,3997.37,3999.16,229,0,16
2025-10-31 22:25:00,XAUUSD,M5,3999.84,4002.45,3998.6,4002.2,237,0,5
2025-10-31 22:30:00,XAUUSD,M5,4002.14,4005.29,4001.85,4002.96,280,0,5
2025-10-31 22:35:00,XAUUSD,M5,4002.99,4006.13,4002.99,4005.94,236,0,5
2025-10-31 22:40:00,XAUUSD,M5,4005.95,4006.61,4003.27,4003.82,292,0,16
2025-10-31 22:45:00,XAUUSD,M5,4003.99,4004.27,4001.68,4003.01,297,0,6
2025-10-31 22:50:00,XAUUSD,M5,4002.81,4004.67,4002.03,4003.83,308,0,16
2025-10-31 22:55:00,XAUUSD,M5,4003.03,4004.34,4001.69,4002.14,99,0,50
2025-11-03 01:00:00,XAUUSD,M5,3989.66,3998.22,3983.74,3995.47,1075,0,15
2025-11-03 01:05:00,XAUUSD,M5,3995.91,3996.93,3990.06,3992.9,342,0,5
2025-11-03 01:10:00,XAUUSD,M5,3992.45,3996.39,3991.38,3996.34,273,0,5
2025-11-03 01:15:00,XAUUSD,M5,3996.18,3998.95,3992.48,3994.05,347,0,5
2025-11-03 01:20:00,XAUUSD,M5,3993.98,3994.43,3988.6,3993.6,366,0,5
2025-11-03 01:25:00,XAUUSD,M5,3993.71,3996.04,3993.71,3994.75,227,0,16
2025-11-03 01:30:00,XAUUSD,M5,3994.2,3995.82,3990.67,3991.45,247,0,8
2025-11-03 01:35:00,XAUUSD,M5,3991.45,3992.67,3984.3,3987.21,430,0,5
2025-11-03 01:40:00,XAUUSD,M5,3987.31,3987.7,3977.83,3979.32,401,0,16
2025-11-03 01:45:00,XAUUSD,M5,3979.82,3981.57,3977.82,3981.34,332,0,12
2025-11-03 01:50:00,XAUUSD,M5,3980.9,3985.16,3978.19,3981.04,368,0,16
2025-11-03 01:55:00,XAUUSD,M5,3980.88,3983.17,3978.17,3979.88,316,0,17
2025-11-03 02:00:00,XAUUSD,M5,3979.54,3987.61,3978.16,3979.93,424,0,17
2025-11-03 02:05:00,XAUUSD,M5,3980.01,3980.59,3977.87,3978.41,358,0,5
2025-11-03 02:10:00,XAUUSD,M5,3978.4,3980.13,3966.59,3968.41,366,0,16
2025-11-03 02:15:00,XAUUSD,M5,3968.34,3970.09,3963.13,3963.3,430,0,5
2025-11-03 02:20:00,XAUUSD,M5,3963.5,3973.03,3962.74,3971.07,438,0,5
2025-11-03 02:25:00,XAUUSD,M5,3971.2,3972.75,3969.75,3970.61,363,0,17
2025-11-03 02:30:00,XAUUSD,M5,3970.52,3970.57,3963.54,3966.82,382,0,5
2025-11-03 02:35:00,XAUUSD,M5,3966.89,3973.91,3966.55,3973.55,408,0,17
2025-11-03 02:40:00,XAUUSD,M5,3973.52,3977.77,3971.83,3972.75,449,0,16
2025-11-03 02:45:00,XAUUSD,M5,3972.77,3976.43,3971.4,3974.06,420,0,16
2025-11-03 02:50:00,XAUUSD,M5,3974.21,3975.82,3967.73,3968.43,385,0,9
2025-11-03 02:55:00,XAUUSD,M5,3968.35,3972.57,3968.09,3971.03,420,0,17
2025-11-03 03:00:00,XAUUSD,M5,3971.0,3973.95,3965.48,3970.09,504,0,16
2025-11-03 03:05:00,XAUUSD,M5,3969.95,3985.93,3968.94,3984.39,487,0,16
2025-11-03 03:10:00,XAUUSD,M5,3984.6,3988.96,3982.55,3986.0,475,0,11
2025-11-03 03:15:00,XAUUSD,M5,3986.1,3993.51,3986.01,3993.33,470,0,14
2025-11-03 03:20:00,XAUUSD,M5,3992.5,3992.82,3987.79,3992.17,465,0,16
2025-11-03 03:25:00,XAUUSD,M5,3992.13,3999.18,3990.07,3998.89,449,0,17
2025-11-03 03:30:00,XAUUSD,M5,3998.74,4001.8,3997.53,3999.75,444,0,7
2025-11-03 03:35:00,XAUUSD,M5,3999.77,4000.62,3994.89,3995.81,440,0,6
2025-11-03 03:40:00,XAUUSD,M5,3996.22,3996.22,3990.62,3992.21,451,0,5
2025-11-03 03:45:00,XAUUSD,M5,3992.12,3995.48,3990.21,3992.78,439,0,17
2025-11-03 03:50:00,XAUUSD,M5,3992.91,3997.03,3992.58,3996.28,427,0,5
2025-11-03 03:55:00,XAUUSD,M5,3996.28,4000.14,3995.83,3995.83,419,0,5
2025-11-03 04:00:00,XAUUSD,M5,3996.17,3998.55,3992.43,3993.28,412,0,11
2025-11-03 04:05:00,XAUUSD,M5,3993.01,3993.65,3990.37,3992.06,395,0,5
2025-11-03 04:10:00,XAUUSD,M5,3992.03,3996.01,3990.72,3995.13,408,0,17
2025-11-03 04:15:00,XAUUSD,M5,3995.35,3999.59,3995.35,3999.59,345,0,17
2025-11-03 04:20:00,XAUUSD,M5,3999.63,4006.54,3998.57,3999.04,457,0,16
2025-11-03 04:25:00,XAUUSD,M5,3998.88,3999.53,3995.55,3995.55,366,0,17
2025-11-03 04:30:00,XAUUSD,M5,3995.58,4001.12,3995.0,3998.6,405,0,17
2025-11-03 04:35:00,XAUUSD,M5,3998.67,4000.7,3997.07,4000.7,382,0,17
2025-11-03 04:40:00,XAUUSD,M5,4000.85,4006.21,4000.45,4001.67,427,0,16
2025-11-03 04:45:00,XAUUSD,M5,4001.69,4003.94,3999.22,3999.8,413,0,16
2025-11-03 04:50:00,XAUUSD,M5,3999.77,4001.27,3998.21,4000.51,382,0,16
2025-11-03 04:55:00,XAUUSD,M5,4000.92,4005.67,3999.01,4004.06,371,0,16
2025-11-03 05:00:00,XAUUSD,M5,4004.16,4011.67,4002.37,4007.78,442,0,5
2025-11-03 05:05:00,XAUUSD,M5,4007.82,4008.72,4003.2,4005.72,395,0,5
2025-11-03 05:10:00,XAUUSD,M5,4005.73,4010.1,4005.5,4007.59,415,0,5
2025-11-03 05:15:00,XAUUSD,M5,4007.62,4010.33,4007.52,4008.47,385,0,5
2025-11-03 05:20:00,XAUUSD,M5,4008.45,4010.31,4007.2,4008.68,367,0,17
2025-11-03 05:25:00,XAUUSD,M5,4008.78,4009.73,4006.0,4006.3,376,0,5
2025-11-03 05:30:00,XAUUSD,M5,4006.28,4010.31,4005.71,4010.25,343,0,14
2025-11-03 05:35:00,XAUUSD,M5,4010.27,4013.06,4008.52,4012.21,374,0,16
2025-11-03 05:40:00,XAUUSD,M5,4012.03,4013.33,4010.68,4010.79,350,0,16
2025-11-03 05:45:00,XAUUSD,M5,4010.92,4013.17,4010.9,4013.0,293,0,16
2025-11-03 05:50:00,XAUUSD,M5,4013.01,4014.18,4011.49,4013.47,312,0,11
2025-11-03 05:55:00,XAUUSD,M5,4013.47,4015.6,4011.03,4011.03,379,0,17
2025-11-03 06:00:00,XAUUSD,M5,4011.04,4013.43,4007.68,4007.96,350,0,17
2025-11-03 06:05:00,XAUUSD,M5,4008.21,4014.55,4006.84,4013.35,427,0,17
2025-11-03 06:10:00,XAUUSD,M5,4013.14,4013.8,4009.34,4009.76,364,0,5
2025-11-03 06:15:00,XAUUSD,M5,4009.48,4009.9,4005.05,4005.27,333,0,17
2025-11-03 06:20:00,XAUUSD,M5,4005.31,4007.22,4003.32,4003.81,398,0,7
2025-11-03 06:25:00,XAUUSD,M5,4003.92,4005.54,4001.67,4005.4,402,0,17
2025-11-03 06:30:00,XAUUSD,M5,4005.38,4005.81,4002.47,4004.98,312,0,5
2025-11-03 06:35:00,XAUUSD,M5,4004.99,4006.27,4003.42,4005.69,283,0,17
2025-11-03 06:40:00,XAUUSD,M5,4005.38,4007.72,4005.13,4006.91,361,0,17
2025-11-03 06:45:00,XAUUSD,M5,4006.91,4007.5,4004.45,4005.33,316,0,16
2025-11-03 06:50:00,XAUUSD,M5,4005.29,4006.24,4003.16,4005.5,296,0,5
2025-11-03 06:55:00,XAUUSD,M5,4005.54,4005.6,4002.74,4003.67,239,0,16
2025-11-03 07:00:00,XAUUSD,M5,4003.64,4004.3,3997.63,3999.55,314,0,16
2025-11-03 07:05:00,XAUUSD,M5,3999.65,4008.07,3997.66,4007.6,425,0,17
2025-11-03 07:10:00,XAUUSD,M5,4007.74,4010.16,4005.9,4007.15,416,0,16
2025-11-03 07:15:00,XAUUSD,M5,4007.21,4008.23,4005.19,4006.83,318,0,16
2025-11-03 07:20:00,XAUUSD,M5,4006.82,4007.74,4005.16,4007.65,301,0,16
2025-11-03 07:25:00,XAUUSD,M5,4007.71,4012.57,4007.71,4012.1,357,0,16
2025-11-03 07:30:00,XAUUSD,M5,4012.02,4018.82,4012.02,4014.51,443,0,8
2025-11-03 07:35:00,XAUUSD,M5,4014.44,4015.38,4012.13,4014.35,381,0,6
2025-11-03 07:40:00,XAUUSD,M5,4014.36,4016.51,4014.35,4014.93,351,0,17
2025-11-03 07:45:00,XAUUSD,M5,4014.98,4015.31,4013.05,4014.9,301,0,17
2025-11-03 07:50:00,XAUUSD,M5,4014.88,4016.84,4014.3,4016.07,349,0,17
2025-11-03 07:55:00,XAUUSD,M5,4016.08,4016.37,4011.32,4014.07,340,0,16
2025-11-03 08:00:00,XAUUSD,M5,4014.16,4017.09,4012.91,4013.94,405,0,16
2025-11-03 08:05:00,XAUUSD,M5,4013.78,4015.53,4010.21,4015.06,377,0,17
2025-11-03 08:10:00,XAUUSD,M5,4015.04,4016.26,4013.58,4014.49,354,0,17
2025-11-03 08:15:00,XAUUSD,M5,4014.48,4018.53,4013.33,4017.33,357,0,16
2025-11-03 08:20:00,XAUUSD,M5,4017.33,4018.66,4013.58,4017.93,377,0,16
2025-11-03 08:25:00,XAUUSD,M5,4017.91,4018.45,4013.92,4016.23,385,0,16
2025-11-03 08:30:00,XAUUSD,M5,4016.23,4016.54,4013.19,4015.05,361,0,17
2025-11-03 08:35:00,XAUUSD,M5,4014.94,4016.86,4014.08,4016.27,343,0,17
2025-11-03 08:40:00,XAUUSD,M5,4016.27,4018.01,4015.56,4015.57,361,0,17
2025-11-03 08:45:00,XAUUSD,M5,4015.58,4016.94,4013.92,4016.89,337,0,16
2025-11-03 08:50:00,XAUUSD,M5,4016.9,4018.46,4015.61,4017.23,349,0,16
2025-11-03 08:55:00,XAUUSD,M5,4017.25,4018.33,4014.35,4017.44,367,0,5
2025-11-03 09:00:00,XAUUSD,M5,4017.3,4023.65,4015.99,4022.03,429,0,12
2025-11-03 09:05:00,XAUUSD,M5,4021.6,4022.29,4017.77,4020.21,373,0,5
2025-11-03 09:10:00,XAUUSD,M5,4020.16,4020.16,4015.08,4015.45,386,0,17
2025-11-03 09:15:00,XAUUSD,M5,4015.59,4016.51,4013.5,4015.22,377,0,16
2025-11-03 09:20:00,XAUUSD,M5,4015.23,4018.0,4014.9,4015.76,308,0,17
2025-11-03 09:25:00,XAUUSD,M5,4015.79,4020.47,4015.74,4019.04,323,0,5
2025-11-03 09:30:00,XAUUSD,M5,4018.43,4019.98,4015.82,4017.63,350,0,17
2025-11-03 09:35:00,XAUUSD,M5,4018.01,4023.11,4017.68,4020.91,387,0,16
2025-11-03 09:40:00,XAUUSD,M5,4020.9,4023.16,4020.75,4022.0,366,0,5
2025-11-03 09:45:00,XAUUSD,M5,4022.12,4023.03,4020.8,4022.54,359,0,16
2025-11-03 09:50:00,XAUUSD,M5,4022.7,4026.05,4022.54,4023.22,422,0,16
2025-11-03 09:55:00,XAUUSD,M5,4023.25,4025.67,4022.18,4025.19,408,0,16
2025-11-03 10:00:00,XAUUSD,M5,4025.21,4027.14,4025.21,4026.8,413,0,16
2025-11-03 10:05:00,XAUUSD,M5,4026.72,4027.67,4024.03,4025.72,390,0,16
2025-11-03 10:10:00,XAUUSD,M5,4025.72,4026.99,4020.72,4021.58,412,0,17
2025-11-03 10:15:00,XAUUSD,M5,4021.58,4023.92,4018.81,4019.73,426,0,7
2025-11-03 10:20:00,XAUUSD,M5,4019.72,4020.23,4016.2,4016.56,394,0,13
2025-11-03 10:25:00,XAUUSD,M5,4016.57,4017.09,4011.24,4014.43,447,0,16
2025-11-03 10:30:00,XAUUSD,M5,4014.44,4016.46,4012.39,4013.63,397,0,16
2025-11-03 10:35:00,XAUUSD,M5,4013.61,4016.77,4013.55,4014.45,428,0,16
2025-11-03 10:40:00,XAUUSD,M5,4014.49,4017.71,4012.55,4016.64,415,0,16
2025-11-03 10:45:00,XAUUSD,M5,4016.7,4017.06,4013.15,4016.86,416,0,16
2025-11-03 10:50:00,XAUUSD,M5,4016.88,4018.36,4014.68,4015.8,415,0,5
2025-11-03 10:55:00,XAUUSD,M5,4015.93,4020.7,4015.38,4019.77,399,0,6
2025-11-03 11:00:00,XAUUSD,M5,4019.99,4020.44,4016.61,4019.6,397,0,16
2025-11-03 11:05:00,XAUUSD,M5,4019.4,4025.86,4019.24,4025.32,396,0,15
2025-11-03 11:10:00,XAUUSD,M5,4025.38,4025.63,4021.35,4021.65,434,0,17
2025-11-03 11:15:00,XAUUSD,M5,4021.62,4022.15,4015.94,4017.54,435,0,16
2025-11-03 11:20:00,XAUUSD,M5,4017.2,4019.61,4014.29,4014.67,432,0,16
2025-11-03 11:25:00,XAUUSD,M5,4014.72,4014.72,4005.26,4007.58,449,0,9
2025-11-03 11:30:00,XAUUSD,M5,4007.57,4008.16,4001.25,4003.26,455,0,5
2025-11-03 11:35:00,XAUUSD,M5,4003.2,4005.39,4002.72,4003.45,426,0,10
2025-11-03 11:40:00,XAUUSD,M5,4003.26,4003.81,3996.12,3997.21,457,0,12
2025-11-03 11:45:00,XAUUSD,M5,3996.94,4001.09,3993.48,4000.64,457,0,17
2025-11-03 11:50:00,XAUUSD,M5,4000.67,4005.06,4000.27,4002.61,453,0,15
2025-11-03 11:55:00,XAUUSD,M5,4002.62,4003.66,4000.43,4000.76,390,0,17
2025-11-03 12:00:00,XAUUSD,M5,4000.8,4004.77,3996.66,3996.66,410,0,10
2025-11-03 12:05:00,XAUUSD,M5,3996.68,3998.14,3994.72,3996.38,436,0,16
2025-11-03 12:10:00,XAUUSD,M5,3996.46,3999.47,3995.77,3997.55,386,0,16
2025-11-03 12:15:00,XAUUSD,M5,3997.26,3999.24,3996.69,3998.09,368,0,5
2025-11-03 12:20:00,XAUUSD,M5,3998.05,3998.87,3996.24,3996.87,391,0,16
2025-11-03 12:25:00,XAUUSD,M5,3996.89,4000.83,3996.65,3997.89,400,0,16
2025-11-03 12:30:00,XAUUSD,M5,3997.5,3998.35,3994.55,3998.35,412,0,5
2025-11-03 12:35:00,XAUUSD,M5,3998.38,4000.93,3997.82,3998.84,365,0,13
2025-11-03 12:40:00,XAUUSD,M5,3998.7,4000.1,3997.16,3998.01,364,0,16
2025-11-03 12:45:00,XAUUSD,M5,3997.99,3998.29,3994.32,3996.14,415,0,16
2025-11-03 12:50:00,XAUUSD,M5,3996.31,3998.27,3995.75,3997.01,331,0,16
2025-11-03 12:55:00,XAUUSD,M5,3996.9,3999.45,3996.9,3999.05,341,0,16
2025-11-03 13:00:00,XAUUSD,M5,3998.98,3999.74,3994.2,3998.16,404,0,17
2025-11-03 13:05:00,XAUUSD,M5,3998.58,4000.26,3997.12,3999.49,384,0,6
2025-11-03 13:10:00,XAUUSD,M5,3999.68,4002.29,3998.75,4000.52,387,0,16
2025-11-03 13:15:00,XAUUSD,M5,4000.39,4004.28,3998.82,4002.83,410,0,16
2025-11-03 13:20:00,XAUUSD,M5,4002.8,4005.08,4000.83,4004.79,404,0,17
2025-11-03 13:25:00,XAUUSD,M5,4004.75,4007.08,4003.45,4006.28,399,0,10
2025-11-03 13:30:00,XAUUSD,M5,4006.55,4006.92,4003.17,4003.84,385,0,16
2025-11-03 13:35:00,XAUUSD,M5,4003.84,4006.76,4003.01,4005.09,396,0,17
2025-11-03 13:40:00,XAUUSD,M5,4005.1,4006.17,4003.21,4005.46,364,0,16
2025-11-03 13:45:00,XAUUSD,M5,4005.21,4008.49,4004.48,4006.75,363,0,16
2025-11-03 13:50:00,XAUUSD,M5,4006.8,4008.51,4005.92,4006.71,346,0,15
2025-11-03 13:55:00,XAUUSD,M5,4006.71,4007.69,4005.42,4007.58,362,0,16
2025-11-03 14:00:00,XAUUSD,M5,4007.62,4008.52,4004.84,4005.42,385,0,5
2025-11-03 14:05:00,XAUUSD,M5,4005.19,4007.13,4004.72,4006.16,349,0,16
2025-11-03 14:10:00,XAUUSD,M5,4006.26,4008.56,4006.13,4007.16,361,0,5
2025-11-03 14:15:00,XAUUSD,M5,4007.17,4007.63,4005.9,4006.63,333,0,16
2025-11-03 14:20:00,XAUUSD,M5,4006.49,4006.68,4001.66,4006.32,401,0,14
2025-11-03 14:25:00,XAUUSD,M5,4006.6,4006.62,4004.51,4005.12,327,0,17
2025-11-03 14:30:00,XAUUSD,M5,4005.15,4010.58,4003.7,4009.32,394,0,16
2025-11-03 14:35:00,XAUUSD,M5,4009.27,4011.12,4007.82,4009.8,394,0,8
2025-11-03 14:40:00,XAUUSD,M5,4009.83,4009.88,4007.98,4008.25,319,0,7
2025-11-03 14:45:00,XAUUSD,M5,4008.31,4013.24,4007.49,4011.99,400,0,6
2025-11-03 14:50:00,XAUUSD,M5,4012.02,4012.56,4009.5,4011.4,373,0,7
2025-11-03 14:55:00,XAUUSD,M5,4011.43,4013.39,4010.48,4013.12,391,0,16
2025-11-03 15:00:00,XAUUSD,M5,4013.12,4017.76,4011.55,4014.67,445,0,16
2025-11-03 15:05:00,XAUUSD,M5,4014.26,4015.43,4012.37,4013.91,411,0,5
2025-11-03 15:10:00,XAUUSD,M5,4013.87,4018.18,4013.37,4015.44,439,0,17
2025-11-03 15:15:00,XAUUSD,M5,4015.36,4018.33,4014.85,4018.24,420,0,16
2025-11-03 15:20:00,XAUUSD,M5,4018.17,4019.45,4015.16,4015.98,440,0,16
2025-11-03 15:25:00,XAUUSD,M5,4015.96,4017.75,4013.99,4014.4,450,0,5
2025-11-03 15:30:00,XAUUSD,M5,4014.42,4016.25,4010.66,4015.69,442,0,11
2025-11-03 15:35:00,XAUUSD,M5,4015.33,4020.67,4015.33,4018.09,427,0,5
2025-11-03 15:40:00,XAUUSD,M5,4018.12,4018.93,4016.02,4017.25,429,0,16
2025-11-03 15:45:00,XAUUSD,M5,4017.3,4018.14,4015.49,4016.51,417,0,16
2025-11-03 15:50:00,XAUUSD,M5,4016.58,4017.62,4015.41,4016.85,400,0,12
2025-11-03 15:55:00,XAUUSD,M5,4016.77,4017.8,4014.7,4016.08,393,0,16
2025-11-03 16:00:00,XAUUSD,M5,4015.86,4020.73,4014.83,4016.72,449,0,11
2025-11-03 16:05:00,XAUUSD,M5,4016.35,4018.02,4012.76,4013.45,428,0,15
2025-11-03 16:10:00,XAUUSD,M5,4013.93,4016.98,4012.83,4016.18,406,0,16
2025-11-03 16:15:00,XAUUSD,M5,4016.33,4018.11,4014.48,4015.82,404,0,9
2025-11-03 16:20:00,XAUUSD,M5,4015.81,4020.42,4015.39,4016.44,430,0,17
2025-11-03 16:25:00,XAUUSD,M5,4016.93,4017.72,4009.52,4010.19,416,0,10
2025-11-03 16:30:00,XAUUSD,M5,4010.02,4011.91,4001.84,4008.89,478,0,16
2025-11-03 16:35:00,XAUUSD,M5,4008.89,4013.79,4006.91,4009.99,467,0,5
2025-11-03 16:40:00,XAUUSD,M5,4010.01,4013.26,4009.03,4012.49,450,0,8
2025-11-03 16:45:00,XAUUSD,M5,4013.26,4024.7,4013.04,4020.66,473,0,6
2025-11-03 16:50:00,XAUUSD,M5,4020.53,4025.94,4020.19,4023.96,477,0,17
2025-11-03 16:55:00,XAUUSD,M5,4023.88,4025.95,4021.85,4022.53,444,0,16
2025-11-03 17:00:00,XAUUSD,M5,4023.12,4030.74,4023.12,4026.9,498,0,16
2025-11-03 17:05:00,XAUUSD,M5,4026.78,4027.63,4023.51,4025.72,476,0,16
2025-11-03 17:10:00,XAUUSD,M5,4025.53,4030.57,4023.96,4027.03,480,0,16
2025-11-03 17:15:00,XAUUSD,M5,4026.93,4028.48,4024.78,4027.47,461,0,16
2025-11-03 17:20:00,XAUUSD,M5,4027.58,4027.99,4017.94,4018.28,458,0,13
2025-11-03 17:25:00,XAUUSD,M5,4018.22,4019.92,4009.02,4011.24,498,0,16
2025-11-03 17:30:00,XAUUSD,M5,4011.03,4014.64,4009.39,4013.22,489,0,17
2025-11-03 17:35:00,XAUUSD,M5,4012.97,4018.2,4006.29,4017.42,489,0,8
2025-11-03 17:40:00,XAUUSD,M5,4016.91,4022.64,4015.36,4021.35,447,0,5
2025-11-03 17:45:00,XAUUSD,M5,4021.24,4023.72,4017.47,4019.04,460,0,17
2025-11-03 17:50:00,XAUUSD,M5,4019.63,4019.63,4009.64,4010.33,472,0,11
2025-11-03 17:55:00,XAUUSD,M5,4010.33,4013.02,4003.71,4008.34,463,0,5
2025-11-03 18:00:00,XAUUSD,M5,4008.47,4013.33,4007.21,4011.83,450,0,16
2025-11-03 18:05:00,XAUUSD,M5,4011.79,4012.85,4003.39,4007.02,440,0,16
2025-11-03 18:10:00,XAUUSD,M5,4007.05,4008.24,4001.81,4004.76,456,0,16
2025-11-03 18:15:00,XAUUSD,M5,4004.32,4005.19,3995.29,3999.95,461,0,9
2025-11-03 18:20:00,XAUUSD,M5,3999.93,4005.26,3997.8,3998.82,449,0,16
2025-11-03 18:25:00,XAUUSD,M5,3998.57,4001.49,3997.15,3998.03,425,0,17
2025-11-03 18:30:00,XAUUSD,M5,3997.84,3999.66,3995.93,3996.5,441,0,13
2025-11-03 18:35:00,XAUUSD,M5,3996.52,4004.18,3996.49,4001.91,444,0,12
2025-11-03 18:40:00,XAUUSD,M5,4001.97,4004.49,4001.97,4003.74,400,0,11
2025-11-03 18:45:00,XAUUSD,M5,4003.69,4009.04,4001.86,4008.61,417,0,5
2025-11-03 18:50:00,XAUUSD,M5,4008.53,4009.28,4006.62,4009.02,386,0,7
2025-11-03 18:55:00,XAUUSD,M5,4008.94,4009.57,4006.5,4008.28,405,0,13
2025-11-03 19:00:00,XAUUSD,M5,4008.26,4009.88,4006.48,4006.54,395,0,16
2025-11-03 19:05:00,XAUUSD,M5,4006.41,4008.27,4003.86,4004.78,408,0,10
2025-11-03 19:10:00,XAUUSD,M5,4004.87,4009.66,4003.54,4008.05,390,0,16
2025-11-03 19:15:00,XAUUSD,M5,4008.09,4009.51,4006.82,4009.36,387,0,17
2025-11-03 19:20:00,XAUUSD,M5,4009.4,4012.08,4009.17,4010.23,414,0,5
2025-11-03 19:25:00,XAUUSD,M5,4010.15,4010.69,4006.77,4006.94,393,0,5
2025-11-03 19:30:00,XAUUSD,M5,4006.95,4007.44,4004.9,4006.11,379,0,16
2025-11-03 19:35:00,XAUUSD,M5,4006.23,4007.26,4005.41,4005.7,354,0,5
2025-11-03 19:40:00,XAUUSD,M5,4005.66,4006.72,4004.41,4005.82,352,0,17
2025-11-03 19:45:00,XAUUSD,M5,4005.68,4007.67,4005.25,4006.55,368,0,17
2025-11-03 19:50:00,XAUUSD,M5,4006.64,4007.36,4005.58,4006.76,313,0,17
2025-11-03 19:55:00,XAUUSD,M5,4006.75,4007.18,4006.18,4006.19,320,0,15
2025-11-03 20:00:00,XAUUSD,M5,4006.19,4006.91,4004.31,4004.58,352,0,16
2025-11-03 20:05:00,XAUUSD,M5,4004.68,4006.57,4003.7,4004.51,345,0,17
2025-11-03 20:10:00,XAUUSD,M5,4004.48,4004.82,4001.64,4002.93,367,0,16
2025-11-03 20:15:00,XAUUSD,M5,4002.94,4003.91,4001.33,4001.75,389,0,17
2025-11-03 20:20:00,XAUUSD,M5,4001.85,4002.7,3999.69,4001.8,385,0,5
2025-11-03 20:25:00,XAUUSD,M5,4001.89,4002.75,3999.64,4001.23,400,0,17
2025-11-03 20:30:00,XAUUSD,M5,4001.28,4009.26,4001.17,4009.12,405,0,9
2025-11-03 20:35:00,XAUUSD,M5,4009.0,4009.73,4006.49,4007.69,351,0,16
2025-11-03 20:40:00,XAUUSD,M5,4007.52,4009.62,4007.22,4008.4,337,0,16
2025-11-03 20:45:00,XAUUSD,M5,4008.44,4008.58,4004.66,4005.13,352,0,16
2025-11-03 20:50:00,XAUUSD,M5,4005.15,4005.98,4003.5,4005.23,348,0,17
2025-11-03 20:55:00,XAUUSD,M5,4005.18,4007.43,4004.7,4006.8,341,0,17
2025-11-03 21:00:00,XAUUSD,M5,4006.88,4008.31,3996.04,3997.63,438,0,9
2025-11-03 21:05:00,XAUUSD,M5,3997.72,4002.56,3994.68,4000.55,449,0,16
2025-11-03 21:10:00,XAUUSD,M5,4000.4,4003.78,4000.06,4003.47,410,0,17
2025-11-03 21:15:00,XAUUSD,M5,4003.47,4005.91,4001.71,4002.7,423,0,17
2025-11-03 21:20:00,XAUUSD,M5,4002.98,4006.03,4002.94,4004.43,409,0,17
2025-11-03 21:25:00,XAUUSD,M5,4004.49,4005.17,4003.28,4004.19,364,0,17
2025-11-03 21:30:00,XAUUSD,M5,4003.98,4005.03,4002.15,4002.79,386,0,17
2025-11-03 21:35:00,XAUUSD,M5,4002.58,4002.89,4000.98,4002.76,378,0,13
2025-11-03 21:40:00,XAUUSD,M5,4002.8,4003.14,4000.6,4000.62,380,0,9
2025-11-03 21:45:00,XAUUSD,M5,4000.64,4003.45,3999.73,4003.45,382,0,17
2025-11-03 21:50:00,XAUUSD,M5,4003.4,4007.66,4002.49,4007.26,425,0,17
2025-11-03 21:55:00,XAUUSD,M5,4007.35,4007.49,4003.46,4004.72,416,0,16
2025-11-03 22:00:00,XAUUSD,M5,4004.74,4010.2,4004.73,4010.19,395,0,8
2025-11-03 22:05:00,XAUUSD,M5,4010.38,4012.27,4007.95,4008.53,378,0,16
2025-11-03 22:10:00,XAUUSD,M5,4008.47,4010.2,4008.1,4010.2,348,0,16
2025-11-03 22:15:00,XAUUSD,M5,4010.29,4012.46,4009.95,4011.45,398,0,11
2025-11-03 22:20:00,XAUUSD,M5,4011.34,4014.79,4010.96,4011.18,392,0,5
2025-11-03 22:25:00,XAUUSD,M5,4011.09,4012.24,4009.5,4011.53,367,0,9
2025-11-03 22:30:00,XAUUSD,M5,4011.41,4012.06,4009.81,4009.98,372,0,5
2025-11-03 22:35:00,XAUUSD,M5,4009.96,4010.15,4009.16,4009.46,343,0,5
2025-11-03 22:40:00,XAUUSD,M5,4009.4,4010.31,4007.24,4009.27,376,0,16
2025-11-03 22:45:00,XAUUSD,M5,4009.32,4009.83,4008.04,4009.04,361,0,16
2025-11-03 22:50:00,XAUUSD,M5,4009.17,4012.08,4009.17,4011.6,367,0,16
2025-11-03 22:55:00,XAUUSD,M5,4011.75,4012.0,4009.16,4010.21,376,0,5
2025-11-03 23:00:00,XAUUSD,M5,4009.78,4009.98,4007.54,4009.46,285,0,16
2025-11-03 23:05:00,XAUUSD,M5,4009.38,4009.88,4005.27,4006.21,239,0,16
2025-11-03 23:10:00,XAUUSD,M5,4006.2,4006.41,4004.38,4004.75,242,0,16
2025-11-03 23:15:00,XAUUSD,M5,4005.0,4005.75,4004.12,4004.21,187,0,13
2025-11-03 23:20:00,XAUUSD,M5,4004.23,4004.46,4001.65,4004.05,330,0,16
2025-11-03 23:25:00,XAUUSD,M5,4004.07,4004.07,4001.03,4001.91,274,0,17
2025-11-03 23:30:00,XAUUSD,M5,4001.89,4002.56,4000.34,4002.1,282,0,17
2025-11-03 23:35:00,XAUUSD,M5,4001.82,4002.79,4001.4,4002.79,162,0,18
2025-11-03 23:40:00,XAUUSD,M5,4002.53,4002.53,4001.18,4001.18,200,0,17
2025-11-03 23:45:00,XAUUSD,M5,4001.22,4001.95,4000.72,4001.64,173,0,17
2025-11-03 23:50:00,XAUUSD,M5,4001.65,4001.88,4001.33,4001.72,142,0,17
2025-11-03 23:55:00,XAUUSD,M5,4001.39,4001.39,3999.71,4001.21,102,0,50
2025-11-04 01:00:00,XAUUSD,M5,4001.56,4005.77,4001.12,4004.9,399,0,15
2025-11-04 01:05:00,XAUUSD,M5,4004.9,4004.9,3995.81,3998.36,305,0,15
2025-11-04 01:10:00,XAUUSD,M5,3998.22,3998.8,3980.98,3988.15,380,0,8
2025-11-04 01:15:00,XAUUSD,M5,3987.92,3992.49,3987.92,3991.27,357,0,5
2025-11-04 01:20:00,XAUUSD,M5,3991.42,3995.56,3990.29,3995.15,323,0,17
2025-11-04 01:25:00,XAUUSD,M5,3995.16,3997.35,3993.23,3995.75,304,0,16
2025-11-04 01:30:00,XAUUSD,M5,3995.9,3999.72,3994.43,3998.32,336,0,16
2025-11-04 01:35:00,XAUUSD,M5,3998.31,3999.91,3996.05,3996.66,350,0,16
2025-11-04 01:40:00,XAUUSD,M5,3996.72,3998.05,3995.2,3998.05,304,0,7
2025-11-04 01:45:00,XAUUSD,M5,3998.1,3999.82,3992.71,3996.93,415,0,16
2025-11-04 01:50:00,XAUUSD,M5,3996.53,3998.7,3995.94,3998.11,320,0,17
2025-11-04 01:55:00,XAUUSD,M5,3998.18,3999.34,3997.26,3997.67,263,0,17
2025-11-04 02:00:00,XAUUSD,M5,3997.7,3998.79,3991.02,3991.66,411,0,17
2025-11-04 02:05:00,XAUUSD,M5,3991.7,3997.67,3990.3,3996.87,425,0,8
2025-11-04 02:10:00,XAUUSD,M5,3996.64,3998.13,3994.23,3994.79,383,0,16
2025-11-04 02:15:00,XAUUSD,M5,3994.91,3999.3,3994.79,3996.95,379,0,17
2025-11-04 02:20:00,XAUUSD,M5,3996.95,3997.82,3996.2,3996.68,314,0,17
2025-11-04 02:25:00,XAUUSD,M5,3996.68,3996.92,3992.4,3993.0,356,0,17
2025-11-04 02:30:00,XAUUSD,M5,3993.18,3993.9,3990.2,3991.7,381,0,17
2025-11-04 02:35:00,XAUUSD,M5,3991.61,3991.83,3982.93,3984.24,464,0,5
2025-11-04 02:40:00,XAUUSD,M5,3984.42,3984.77,3977.83,3979.88,468,0,16
2025-11-04 02:45:00,XAUUSD,M5,3979.92,3989.05,3979.82,3988.79,474,0,17
2025-11-04 02:50:00,XAUUSD,M5,3988.69,3988.79,3984.93,3985.65,447,0,16
2025-11-04 02:55:00,XAUUSD,M5,3985.89,3988.45,3985.48,3986.48,431,0,16
2025-11-04 03:00:00,XAUUSD,M5,3986.47,3992.75,3984.92,3991.37,481,0,16
2025-11-04 03:05:00,XAUUSD,M5,3991.3,3992.02,3986.5,3987.28,462,0,5
2025-11-04 03:10:00,XAUUSD,M5,3987.65,3991.55,3986.15,3990.24,439,0,16
2025-11-04 03:15:00,XAUUSD,M5,3990.07,3994.54,3989.49,3990.23,424,0,16
2025-11-04 03:20:00,XAUUSD,M5,3990.21,3990.99,3985.06,3986.74,455,0,16
2025-11-04 03:25:00,XAUUSD,M5,3986.7,3986.81,3980.86,3985.15,454,0,16
2025-11-04 03:30:00,XAUUSD,M5,3985.34,3985.34,3979.63,3983.47,473,0,16
2025-11-04 03:35:00,XAUUSD,M5,3983.43,3986.28,3979.67,3986.11,447,0,16
2025-11-04 03:40:00,XAUUSD,M5,3986.13,3987.99,3985.5,3987.29,387,0,16
2025-11-04 03:45:00,XAUUSD,M5,3987.39,3987.81,3985.04,3986.1,395,0,16
2025-11-04 03:50:00,XAUUSD,M5,3986.07,3990.16,3985.78,3988.93,416,0,9
2025-11-04 03:55:00,XAUUSD,M5,3988.86,3990.06,3987.07,3987.42,415,0,16
2025-11-04 04:00:00,XAUUSD,M5,3987.38,3987.38,3975.51,3978.57,465,0,16
2025-11-04 04:05:00,XAUUSD,M5,3978.52,3982.27,3977.0,3977.0,406,0,16
2025-11-04 04:10:00,XAUUSD,M5,3977.11,3979.49,3976.09,3977.18,411,0,13
2025-11-04 04:15:00,XAUUSD,M5,3977.14,3982.02,3977.14,3979.98,362,0,16
2025-11-04 04:20:00,XAUUSD,M5,3979.96,3981.86,3978.26,3980.42,357,0,17
2025-11-04 04:25:00,XAUUSD,M5,3980.43,3984.07,3980.23,3983.89,325,0,17
2025-11-04 04:30:00,XAUUSD,M5,3983.98,3985.39,3977.49,3980.46,441,0,17
2025-11-04 04:35:00,XAUUSD,M5,3980.48,3983.73,3978.92,3982.72,407,0,5
2025-11-04 04:40:00,XAUUSD,M5,3982.7,3984.27,3980.78,3983.35,384,0,5
2025-11-04 04:45:00,XAUUSD,M5,3983.35,3984.31,3976.35,3976.52,402,0,5
2025-11-04 04:50:00,XAUUSD,M5,3976.79,3982.35,3975.72,3981.95,438,0,5
2025-11-04 04:55:00,XAUUSD,M5,3981.94,3986.74,3981.91,3986.71,410,0,5
2025-11-04 05:00:00,XAUUSD,M5,3987.02,3989.62,3982.85,3983.33,409,0,16
2025-11-04 05:05:00,XAUUSD,M5,3983.35,3987.18,3981.66,3986.98,380,0,16
2025-11-04 05:10:00,XAUUSD,M5,3986.99,3990.39,3986.99,3988.32,376,0,16
2025-11-04 05:15:00,XAUUSD,M5,3988.31,3989.26,3984.96,3986.64,369,0,16
2025-11-04 05:20:00,XAUUSD,M5,3986.6,3991.42,3986.58,3991.42,364,0,11
2025-11-04 05:25:00,XAUUSD,M5,3990.82,3993.94,3990.57,3992.88,330,0,16
2025-11-04 05:30:00,XAUUSD,M5,3992.7,3997.65,3992.7,3995.38,413,0,5
2025-11-04 05:35:00,XAUUSD,M5,3995.44,3999.38,3995.05,3998.4,400,0,16
2025-11-04 05:40:00,XAUUSD,M5,3998.39,3998.54,3990.95,3992.16,410,0,16
2025-11-04 05:45:00,XAUUSD,M5,3992.23,3994.52,3991.04,3992.14,345,0,17
2025-11-04 05:50:00,XAUUSD,M5,3992.12,3994.99,3991.99,3994.8,357,0,17
2025-11-04 05:55:00,XAUUSD,M5,3994.84,3995.39,3993.06,3994.66,358,0,17
2025-11-04 06:00:00,XAUUSD,M5,3994.52,3995.19,3991.02,3991.26,352,0,16
2025-11-04 06:05:00,XAUUSD,M5,3991.37,3993.96,3990.21,3991.95,393,0,16
2025-11-04 06:10:00,XAUUSD,M5,3991.91,3991.97,3988.24,3988.75,349,0,16
2025-11-04 06:15:00,XAUUSD,M5,3988.76,3990.51,3987.95,3990.51,336,0,17
2025-11-04 06:20:00,XAUUSD,M5,3990.61,3991.78,3989.35,3990.8,297,0,17
2025-11-04 06:25:00,XAUUSD,M5,3990.79,3992.98,3989.81,3991.89,365,0,17
2025-11-04 06:30:00,XAUUSD,M5,3991.75,3993.38,3991.36,3991.55,391,0,17
2025-11-04 06:35:00,XAUUSD,M5,3991.77,3992.56,3990.42,3991.26,403,0,16
2025-11-04 06:40:00,XAUUSD,M5,3991.24,3991.24,3988.03,3988.24,287,0,16
2025-11-04 06:45:00,XAUUSD,M5,3988.18,3988.98,3983.58,3985.97,397,0,16
2025-11-04 06:50:00,XAUUSD,M5,3985.98,3990.41,3985.95,3990.3,372,0,17
2025-11-04 06:55:00,XAUUSD,M5,3990.34,3991.38,3984.82,3985.51,371,0,16
2025-11-04 07:00:00,XAUUSD,M5,3985.09,3986.76,3982.3,3984.31,375,0,14
2025-11-04 07:05:00,XAUUSD,M5,3984.26,3984.6,3980.83,3983.67,372,0,7
2025-11-04 07:10:00,XAUUSD,M5,3983.67,3986.63,3983.47,3983.82,365,0,17
2025-11-04 07:15:00,XAUUSD,M5,3983.82,3986.39,3983.74,3984.39,313,0,17
2025-11-04 07:20:00,XAUUSD,M5,3984.44,3985.59,3983.33,3984.8,343,0,17
2025-11-04 07:25:00,XAUUSD,M5,3984.72,3986.93,3982.94,3983.04,363,0,16
2025-11-04 07:30:00,XAUUSD,M5,3983.01,3985.57,3978.44,3979.38,425,0,16
2025-11-04 07:35:00,XAUUSD,M5,3979.67,3982.46,3977.91,3980.28,412,0,12
2025-11-04 07:40:00,XAUUSD,M5,3980.44,3981.36,3975.99,3976.4,438,0,17
2025-11-04 07:45:00,XAUUSD,M5,3976.43,3981.34,3973.55,3979.61,456,0,5
2025-11-04 07:50:00,XAUUSD,M5,3979.7,3981.63,3976.66,3980.53,436,0,17
2025-11-04 07:55:00,XAUUSD,M5,3980.42,3980.76,3973.08,3973.45,428,0,17
2025-11-04 08:00:00,XAUUSD,M5,3973.44,3974.23,3968.59,3971.9,455,0,5
2025-11-04 08:05:00,XAUUSD,M5,3971.8,3974.52,3966.91,3972.91,438,0,16
2025-11-04 08:10:00,XAUUSD,M5,3972.59,3975.2,3969.03,3974.55,432,0,13
2025-11-04 08:15:00,XAUUSD,M5,3974.58,3976.03,3973.13,3974.9,406,0,14
2025-11-04 08:20:00,XAUUSD,M5,3974.88,3974.88,3968.65,3969.72,421,0,16
2025-11-04 08:25:00,XAUUSD,M5,3969.55,3976.08,3969.46,3975.62,418,0,5
2025-11-04 08:30:00,XAUUSD,M5,3975.73,3978.71,3973.78,3977.21,441,0,16
2025-11-04 08:35:00,XAUUSD,M5,3977.12,3978.44,3975.39,3978.15,393,0,5
2025-11-04 08:40:00,XAUUSD,M5,3978.23,3980.83,3977.98,3979.47,423,0,16
2025-11-04 08:45:00,XAUUSD,M5,3979.48,3982.82,3977.69,3979.58,423,0,16
2025-11-04 08:50:00,XAUUSD,M5,3979.46,3984.71,3979.37,3984.57,417,0,8
2025-11-04 08:55:00,XAUUSD,M5,3984.59,3987.82,3984.59,3985.24,417,0,17
2025-11-04 09:00:00,XAUUSD,M5,3985.23,3986.19,3982.33,3985.83,418,0,16
2025-11-04 09:05:00,XAUUSD,M5,3985.83,3988.32,3984.31,3986.71,415,0,5
2025-11-04 09:10:00,XAUUSD,M5,3986.75,3990.0,3985.33,3987.1,434,0,17
2025-11-04 09:15:00,XAUUSD,M5,3987.29,3992.09,3985.76,3990.86,426,0,5
2025-11-04 09:20:00,XAUUSD,M5,3990.73,3996.34,3989.92,3990.02,420,0,16
2025-11-04 09:25:00,XAUUSD,M5,3990.15,3995.49,3989.66,3993.99,415,0,16
2025-11-04 09:30:00,XAUUSD,M5,3994.07,3995.77,3992.38,3993.03,409,0,6
2025-11-04 09:35:00,XAUUSD,M5,3993.07,3993.92,3990.54,3991.04,356,0,16
2025-11-04 09:40:00,XAUUSD,M5,3991.03,3994.33,3990.48,3991.74,351,0,16
2025-11-04 09:45:00,XAUUSD,M5,3991.45,3995.66,3991.12,3995.62,374,0,16
2025-11-04 09:50:00,XAUUSD,M5,3995.34,3996.17,3993.46,3994.43,358,0,17
2025-11-04 09:55:00,XAUUSD,M5,3994.37,3995.62,3992.87,3993.95,343,0,17
2025-11-04 10:00:00,XAUUSD,M5,3994.17,3998.32,3993.27,3997.98,426,0,17
2025-11-04 10:05:00,XAUUSD,M5,3998.2,3999.24,3994.04,3997.21,418,0,12
2025-11-04 10:10:00,XAUUSD,M5,3996.92,3997.0,3991.56,3991.69,390,0,16
2025-11-04 10:15:00,XAUUSD,M5,3991.7,3995.62,3990.59,3993.57,392,0,16
2025-11-04 10:20:00,XAUUSD,M5,3993.54,3998.06,3992.44,3995.17,432,0,16
2025-11-04 10:25:00,XAUUSD,M5,3995.33,4000.69,3995.33,3999.89,423,0,5
2025-11-04 10:30:00,XAUUSD,M5,3999.85,4000.42,3995.24,3998.56,428,0,17
2025-11-04 10:35:00,XAUUSD,M5,3998.55,4000.2,3996.56,3997.26,390,0,17
2025-11-04 10:40:00,XAUUSD,M5,3997.2,3999.23,3996.72,3999.05,345,0,17
2025-11-04 10:45:00,XAUUSD,M5,3999.11,4000.22,3997.66,3998.1,374,0,17
2025-11-04 10:50:00,XAUUSD,M5,3998.35,3999.95,3995.59,3996.71,410,0,16
2025-11-04 10:55:00,XAUUSD,M5,3996.7,3997.91,3995.9,3996.04,371,0,16
2025-11-04 11:00:00,XAUUSD,M5,3995.81,3997.29,3994.93,3996.03,399,0,16
2025-11-04 11:05:00,XAUUSD,M5,3996.06,3997.78,3992.28,3993.09,392,0,16
2025-11-04 11:10:00,XAUUSD,M5,3993.13,3995.2,3991.14,3991.75,385,0,5
2025-11-04 11:15:00,XAUUSD,M5,3991.7,3993.58,3991.24,3991.78,354,0,5
2025-11-04 11:20:00,XAUUSD,M5,3991.78,3994.39,3991.75,3993.57,383,0,5
2025-11-04 11:25:00,XAUUSD,M5,3993.58,3994.73,3991.56,3991.94,371,0,16
2025-11-04 11:30:00,XAUUSD,M5,3991.91,3998.99,3991.72,3998.46,416,0,16
2025-11-04 11:35:00,XAUUSD,M5,3998.64,3999.38,3995.87,3997.99,383,0,11
2025-11-04 11:40:00,XAUUSD,M5,3997.88,3999.11,3995.59,3997.08,351,0,5
2025-11-04 11:45:00,XAUUSD,M5,3997.08,3997.73,3992.8,3993.69,408,0,5
2025-11-04 11:50:00,XAUUSD,M5,3993.72,3995.11,3991.48,3993.24,392,0,11
2025-11-04 11:55:00,XAUUSD,M5,3993.21,3993.48,3990.35,3991.17,404,0,16
2025-11-04 12:00:00,XAUUSD,M5,3991.13,3991.13,3985.87,3988.48,433,0,7
2025-11-04 12:05:00,XAUUSD,M5,3988.55,3990.41,3986.13,3990.4,405,0,5
2025-11-04 12:10:00,XAUUSD,M5,3990.37,3994.63,3989.56,3994.58,410,0,16
2025-11-04 12:15:00,XAUUSD,M5,3994.88,3996.78,3993.06,3994.07,390,0,17
2025-11-04 12:20:00,XAUUSD,M5,3994.14,3994.22,3991.21,3991.7,379,0,5
2025-11-04 12:25:00,XAUUSD,M5,3991.72,3993.62,3991.68,3992.05,361,0,16
2025-11-04 12:30:00,XAUUSD,M5,3991.29,3994.62,3990.86,3992.21,375,0,5
2025-11-04 12:35:00,XAUUSD,M5,3992.19,3995.86,3992.19,3994.95,388,0,5
2025-11-04 12:40:00,XAUUSD,M5,3994.96,3997.37,3994.8,3995.64,394,0,5
2025-11-04 12:45:00,XAUUSD,M5,3995.66,3996.35,3991.41,3991.88,345,0,17
2025-11-04 12:50:00,XAUUSD,M5,3991.87,3993.71,3991.2,3992.14,338,0,16
2025-11-04 12:55:00,XAUUSD,M5,3992.09,3994.19,3991.82,3993.86,346,0,16
2025-11-04 13:00:00,XAUUSD,M5,3994.04,3995.64,3993.87,3994.52,305,0,16
2025-11-04 13:05:00,XAUUSD,M5,3994.68,3994.85,3992.08,3992.23,302,0,16
2025-11-04 13:10:00,XAUUSD,M5,3992.2,3994.81,3991.61,3993.83,315,0,16
2025-11-04 13:15:00,XAUUSD,M5,3993.86,3995.68,3992.89,3993.3,315,0,16
2025-11-04 13:20:00,XAUUSD,M5,3993.21,3993.58,3992.78,3993.41,245,0,16
2025-11-04 13:25:00,XAUUSD,M5,3993.4,3995.38,3993.15,3994.16,314,0,16
2025-11-04 13:30:00,XAUUSD,M5,3994.22,3995.73,3993.43,3994.69,357,0,16
2025-11-04 13:35:00,XAUUSD,M5,3994.83,3995.08,3993.49,3993.66,324,0,17
2025-11-04 13:40:00,XAUUSD,M5,3993.69,3994.35,3992.37,3992.4,301,0,17
2025-11-04 13:45:00,XAUUSD,M5,3992.42,3997.45,3991.89,3997.04,356,0,16
2025-11-04 13:50:00,XAUUSD,M5,3997.15,4000.21,3995.16,3996.0,405,0,16
2025-11-04 13:55:00,XAUUSD,M5,3995.83,3996.34,3993.44,3995.5,380,0,16
2025-11-04 14:00:00,XAUUSD,M5,3995.52,3996.62,3993.57,3995.25,404,0,6
2025-11-04 14:05:00,XAUUSD,M5,3995.27,3996.52,3994.67,3995.21,343,0,16
2025-11-04 14:10:00,XAUUSD,M5,3994.79,3996.74,3993.83,3996.62,338,0,16
2025-11-04 14:15:00,XAUUSD,M5,3996.65,3997.43,3996.11,3997.39,320,0,16
2025-11-04 14:20:00,XAUUSD,M5,3997.36,3997.58,3992.8,3992.82,349,0,16
2025-11-04 14:25:00,XAUUSD,M5,3992.82,3993.35,3989.6,3990.34,369,0,9
2025-11-04 14:30:00,XAUUSD,M5,3990.28,3990.38,3984.38,3985.6,408,0,17
2025-11-04 14:35:00,XAUUSD,M5,3985.62,3989.1,3984.41,3988.29,417,0,16
2025-11-04 14:40:00,XAUUSD,M5,3988.32,3990.67,3987.36,3990.54,386,0,5
2025-11-04 14:45:00,XAUUSD,M5,3990.53,3992.43,3987.52,3988.73,395,0,14
2025-11-04 14:50:00,XAUUSD,M5,3988.75,3988.85,3984.71,3984.85,405,0,16
2025-11-04 14:55:00,XAUUSD,M5,3984.71,3987.35,3983.39,3984.67,418,0,7
2025-11-04 15:00:00,XAUUSD,M5,3984.3,3988.81,3983.71,3988.03,437,0,16
2025-11-04 15:05:00,XAUUSD,M5,3988.04,3991.73,3987.24,3991.69,417,0,16
2025-11-04 15:10:00,XAUUSD,M5,3991.64,3995.61,3990.98,3992.78,438,0,17
2025-11-04 15:15:00,XAUUSD,M5,3993.25,3995.96,3991.94,3992.96,420,0,5
2025-11-04 15:20:00,XAUUSD,M5,3992.93,3992.93,3985.9,3989.67,437,0,16
2025-11-04 15:25:00,XAUUSD,M5,3989.63,3989.67,3982.9,3983.8,424,0,5
2025-11-04 15:30:00,XAUUSD,M5,3983.84,3988.04,3979.35,3980.06,445,0,17
2025-11-04 15:35:00,XAUUSD,M5,3979.88,3982.47,3975.45,3978.6,449,0,17
2025-11-04 15:40:00,XAUUSD,M5,3978.56,3982.68,3976.97,3980.19,442,0,17
2025-11-04 15:45:00,XAUUSD,M5,3980.0,3982.27,3976.53,3976.96,433,0,17
2025-11-04 15:50:00,XAUUSD,M5,3976.97,3977.27,3972.0,3977.15,450,0,6
2025-11-04 15:55:00,XAUUSD,M5,3976.85,3978.74,3975.18,3975.93,448,0,16
2025-11-04 16:00:00,XAUUSD,M5,3975.24,3975.24,3967.69,3968.59,466,0,8
2025-11-04 16:05:00,XAUUSD,M5,3968.71,3972.45,3964.23,3970.45,452,0,5
2025-11-04 16:10:00,XAUUSD,M5,3970.46,3976.65,3968.27,3975.79,414,0,11
2025-11-04 16:15:00,XAUUSD,M5,3975.63,3977.55,3972.69,3972.78,414,0,9
2025-11-04 16:20:00,XAUUSD,M5,3973.11,3973.34,3967.94,3968.19,427,0,12
2025-11-04 16:25:00,XAUUSD,M5,3968.26,3970.57,3951.11,3951.11,456,0,16
2025-11-04 16:30:00,XAUUSD,M5,3950.93,3956.3,3933.84,3938.67,523,0,5
2025-11-04 16:35:00,XAUUSD,M5,3938.09,3942.15,3933.28,3933.9,528,0,5
2025-11-04 16:40:00,XAUUSD,M5,3934.03,3938.4,3928.9,3930.94,513,0,13
2025-11-04 16:45:00,XAUUSD,M5,3930.93,3940.13,3930.89,3938.53,485,0,16
2025-11-04 16:50:00,XAUUSD,M5,3937.83,3948.04,3937.83,3947.61,460,0,5
2025-11-04 16:55:00,XAUUSD,M5,3947.92,3959.92,3947.92,3956.82,482,0,10
2025-11-04 17:00:00,XAUUSD,M5,3956.93,3958.72,3949.07,3949.15,483,0,5
2025-11-04 17:05:00,XAUUSD,M5,3949.56,3953.8,3948.75,3952.91,464,0,5
2025-11-04 17:10:00,XAUUSD,M5,3953.16,3954.01,3944.06,3947.35,468,0,13
2025-11-04 17:15:00,XAUUSD,M5,3947.37,3952.85,3946.51,3947.33,462,0,5
2025-11-04 17:20:00,XAUUSD,M5,3947.12,3950.95,3941.09,3949.85,473,0,16
2025-11-04 17:25:00,XAUUSD,M5,3949.93,3952.3,3947.78,3949.15,448,0,17
2025-11-04 17:30:00,XAUUSD,M5,3949.08,3958.15,3948.47,3957.36,447,0,10
2025-11-04 17:35:00,XAUUSD,M5,3957.35,3967.12,3956.15,3966.7,467,0,17
2025-11-04 17:40:00,XAUUSD,M5,3966.78,3967.73,3964.37,3965.51,460,0,11
2025-11-04 17:45:00,XAUUSD,M5,3965.2,3965.86,3958.75,3959.81,452,0,11
2025-11-04 17:50:00,XAUUSD,M5,3960.31,3961.67,3958.03,3959.24,441,0,17
2025-11-04 17:55:00,XAUUSD,M5,3959.23,3960.23,3956.68,3956.8,427,0,17
2025-11-04 18:00:00,XAUUSD,M5,3956.86,3961.64,3956.77,3959.35,410,0,5
2025-11-04 18:05:00,XAUUSD,M5,3959.23,3964.17,3959.23,3962.25,406,0,13
2025-11-04 18:10:00,XAUUSD,M5,3962.12,3965.53,3961.84,3963.61,415,0,5
2025-11-04 18:15:00,XAUUSD,M5,3964.09,3971.98,3963.54,3969.57,449,0,15
2025-11-04 18:20:00,XAUUSD,M5,3969.7,3976.02,3969.38,3974.46,457,0,7
2025-11-04 18:25:00,XAUUSD,M5,3974.38,3974.95,3972.34,3972.5,426,0,16
2025-11-04 18:30:00,XAUUSD,M5,3972.69,3972.86,3968.59,3969.87,430,0,14
2025-11-04 18:35:00,XAUUSD,M5,3969.86,3973.87,3969.12,3969.2,417,0,6
2025-11-04 18:40:00,XAUUSD,M5,3969.2,3970.5,3965.71,3969.55,445,0,14
2025-11-04 18:45:00,XAUUSD,M5,3969.71,3970.23,3965.85,3965.85,405,0,16
2025-11-04 18:50:00,XAUUSD,M5,3965.59,3966.9,3964.2,3965.66,426,0,16
2025-11-04 18:55:00,XAUUSD,M5,3965.89,3969.45,3965.0,3969.02,423,0,5
2025-11-04 19:00:00,XAUUSD,M5,3969.33,3970.98,3967.9,3970.38,364,0,5
2025-11-04 19:05:00,XAUUSD,M5,3970.41,3970.55,3962.79,3963.62,426,0,16
2025-11-04 19:10:00,XAUUSD,M5,3963.48,3966.1,3961.86,3963.92,417,0,8
2025-11-04 19:15:00,XAUUSD,M5,3964.02,3965.23,3961.09,3962.04,416,0,10
2025-11-04 19:20:00,XAUUSD,M5,3962.0,3963.74,3959.11,3962.72,440,0,16
2025-11-04 19:25:00,XAUUSD,M5,3962.7,3963.67,3958.28,3959.6,426,0,16
2025-11-04 19:30:00,XAUUSD,M5,3959.68,3964.67,3959.47,3964.28,431,0,7
2025-11-04 19:35:00,XAUUSD,M5,3964.17,3965.16,3959.93,3960.84,417,0,16
2025-11-04 19:40:00,XAUUSD,M5,3960.89,3962.08,3959.3,3961.25,393,0,16
2025-11-04 19:45:00,XAUUSD,M5,3961.22,3964.14,3959.96,3961.47,426,0,5
2025-11-04 19:50:00,XAUUSD,M5,3961.5,3961.91,3955.05,3956.84,443,0,5
2025-11-04 19:55:00,XAUUSD,M5,3956.69,3956.79,3952.43,3955.11,423,0,5
2025-11-04 20:00:00,XAUUSD,M5,3954.79,3956.85,3954.34,3955.28,414,0,5
2025-11-04 20:05:00,XAUUSD,M5,3955.21,3955.37,3951.42,3951.77,399,0,5
2025-11-04 20:10:00,XAUUSD,M5,3951.57,3953.66,3949.6,3950.65,427,0,7
2025-11-04 20:15:00,XAUUSD,M5,3950.83,3952.72,3948.65,3949.32,429,0,16
2025-11-04 20:20:00,XAUUSD,M5,3949.43,3951.75,3949.43,3950.85,419,0,16
2025-11-04 20:25:00,XAUUSD,M5,3951.0,3952.55,3945.5,3950.79,437,0,5
2025-11-04 20:30:00,XAUUSD,M5,3951.18,3951.61,3941.34,3943.63,450,0,5
2025-11-04 20:35:00,XAUUSD,M5,3943.78,3944.04,3932.19,3934.97,469,0,5
2025-11-04 20:40:00,XAUUSD,M5,3935.27,3938.49,3932.26,3938.49,456,0,5
2025-11-04 20:45:00,XAUUSD,M5,3938.41,3941.04,3935.51,3939.1,451,0,15
2025-11-04 20:50:00,XAUUSD,M5,3939.12,3941.33,3935.8,3939.91,446,0,16
2025-11-04 20:55:00,XAUUSD,M5,3939.82,3941.36,3937.34,3937.76,420,0,5
2025-11-04 21:00:00,XAUUSD,M5,3937.76,3938.99,3934.77,3936.2,457,0,17
2025-11-04 21:05:00,XAUUSD,M5,3936.21,3938.72,3935.73,3937.72,440,0,5
2025-11-04 21:10:00,XAUUSD,M5,3937.7,3943.91,3937.03,3941.08,459,0,17
2025-11-04 21:15:00,XAUUSD,M5,3940.54,3943.92,3940.27,3942.08,431,0,16
2025-11-04 21:20:00,XAUUSD,M5,3942.28,3943.86,3940.75,3943.32,439,0,16
2025-11-04 21:25:00,XAUUSD,M5,3943.5,3943.98,3940.49,3941.82,404,0,16
2025-11-04 21:30:00,XAUUSD,M5,3941.65,3942.77,3938.78,3942.48,434,0,8
2025-11-04 21:35:00,XAUUSD,M5,3942.61,3943.07,3940.03,3940.56,419,0,16
2025-11-04 21:40:00,XAUUSD,M5,3940.43,3941.88,3935.8,3938.25,408,0,16
2025-11-04 21:45:00,XAUUSD,M5,3938.05,3938.86,3936.09,3936.6,424,0,16
2025-11-04 21:50:00,XAUUSD,M5,3936.6,3939.49,3936.03,3939.28,423,0,16
2025-11-04 21:55:00,XAUUSD,M5,3939.37,3939.67,3937.07,3937.36,382,0,16
2025-11-04 22:00:00,XAUUSD,M5,3937.48,3939.36,3931.61,3931.65,415,0,5
2025-11-04 22:05:00,XAUUSD,M5,3931.6,3935.46,3931.48,3934.24,399,0,5
2025-11-04 22:10:00,XAUUSD,M5,3934.23,3934.74,3931.5,3934.21,346,0,5
2025-11-04 22:15:00,XAUUSD,M5,3934.45,3936.34,3932.33,3933.16,399,0,16
2025-11-04 22:20:00,XAUUSD,M5,3933.15,3935.47,3931.9,3934.8,412,0,16
2025-11-04 22:25:00,XAUUSD,M5,3934.81,3937.83,3933.72,3937.47,378,0,16
2025-11-04 22:30:00,XAUUSD,M5,3937.57,3939.5,3935.96,3936.52,398,0,16
2025-11-04 22:35:00,XAUUSD,M5,3936.58,3940.63,3936.22,3938.73,408,0,16
2025-11-04 22:40:00,XAUUSD,M5,3938.65,3942.02,3938.45,3940.96,416,0,5
2025-11-04 22:45:00,XAUUSD,M5,3940.95,3941.2,3936.94,3937.49,425,0,5
2025-11-04 22:50:00,XAUUSD,M5,3937.42,3938.61,3936.52,3938.16,423,0,5
2025-11-04 22:55:00,XAUUSD,M5,3938.1,3939.94,3937.33,3938.72,427,0,16
2025-11-04 23:00:00,XAUUSD,M5,3938.7,3938.7,3933.76,3934.42,318,0,16
2025-11-04 23:05:00,XAUUSD,M5,3934.41,3936.92,3934.04,3935.33,245,0,16
2025-11-04 23:10:00,XAUUSD,M5,3935.3,3936.84,3933.76,3934.27,187,0,5
2025-11-04 23:15:00,XAUUSD,M5,3934.31,3935.37,3933.81,3934.8,161,0,5
2025-11-04 23:20:00,XAUUSD,M5,3934.71,3935.06,3933.31,3933.85,145,0,5
2025-11-04 23:25:00,XAUUSD,M5,3933.93,3934.11,3930.99,3934.01,228,0,5
2025-11-04 23:30:00,XAUUSD,M5,3933.95,3935.04,3932.41,3932.41,177,0,5
2025-11-04 23:35:00,XAUUSD,M5,3932.41,3932.41,3930.69,3930.94,203,0,5
2025-11-04 23:40:00,XAUUSD,M5,3930.99,3931.93,3930.63,3931.12,179,0,5
2025-11-04 23:45:00,XAUUSD,M5,3930.86,3932.21,3930.71,3931.97,172,0,5
2025-11-04 23:50:00,XAUUSD,M5,3932.26,3934.05,3932.26,3933.11,176,0,17
2025-11-04 23:55:00,XAUUSD,M5,3932.35,3932.35,3931.39,3931.85,142,0,50
2025-11-05 01:00:00,XAUUSD,M5,3934.14,3937.92,3931.64,3937.54,446,0,15
2025-11-05 01:05:00,XAUUSD,M5,3937.87,3940.35,3933.66,3937.2,320,0,17
2025-11-05 01:10:00,XAUUSD,M5,3937.19,3937.82,3935.11,3935.77,333,0,17
2025-11-05 01:15:00,XAUUSD,M5,3935.74,3938.8,3934.94,3937.71,318,0,16
2025-11-05 01:20:00,XAUUSD,M5,3937.74,3939.46,3936.6,3937.97,368,0,16
2025-11-05 01:25:00,XAUUSD,M5,3937.8,3938.32,3935.78,3937.68,281,0,14
2025-11-05 01:30:00,XAUUSD,M5,3937.7,3937.81,3934.21,3934.71,336,0,16
2025-11-05 01:35:00,XAUUSD,M5,3934.73,3935.7,3933.33,3934.96,331,0,16
2025-11-05 01:40:00,XAUUSD,M5,3935.05,3938.57,3935.05,3938.0,286,0,16
2025-11-05 01:45:00,XAUUSD,M5,3938.0,3938.0,3930.83,3931.87,401,0,16
2025-11-05 01:50:00,XAUUSD,M5,3931.97,3937.82,3931.51,3934.65,384,0,17
2025-11-05 01:55:00,XAUUSD,M5,3934.7,3937.02,3932.86,3934.74,333,0,17
2025-11-05 02:00:00,XAUUSD,M5,3934.74,3941.28,3933.03,3941.27,433,0,16
2025-11-05 02:05:00,XAUUSD,M5,3941.41,3943.18,3936.91,3937.36,409,0,16
2025-11-05 02:10:00,XAUUSD,M5,3937.15,3940.39,3934.85,3939.98,363,0,16
2025-11-05 02:15:00,XAUUSD,M5,3940.1,3942.52,3938.97,3941.37,383,0,16
2025-11-05 02:20:00,XAUUSD,M5,3941.52,3942.05,3938.23,3938.34,388,0,16
2025-11-05 02:25:00,XAUUSD,M5,3938.37,3939.12,3934.21,3938.92,408,0,16
2025-11-05 02:30:00,XAUUSD,M5,3938.94,3939.97,3935.72,3937.19,415,0,17
2025-11-05 02:35:00,XAUUSD,M5,3937.19,3937.69,3932.75,3934.82,439,0,16
2025-11-05 02:40:00,XAUUSD,M5,3934.73,3934.73,3929.03,3931.92,460,0,5
2025-11-05 02:45:00,XAUUSD,M5,3931.85,3938.0,3929.53,3935.37,433,0,17
2025-11-05 02:50:00,XAUUSD,M5,3935.4,3936.23,3932.89,3934.96,374,0,17
2025-11-05 02:55:00,XAUUSD,M5,3934.94,3939.9,3932.97,3939.88,373,0,17
2025-11-05 03:00:00,XAUUSD,M5,3940.36,3944.42,3937.33,3944.42,469,0,17
2025-11-05 03:05:00,XAUUSD,M5,3944.45,3944.97,3939.67,3942.71,455,0,17
2025-11-05 03:10:00,XAUUSD,M5,3942.62,3945.14,3940.69,3943.06,396,0,17
2025-11-05 03:15:00,XAUUSD,M5,3943.06,3943.11,3938.6,3939.26,434,0,16
2025-11-05 03:20:00,XAUUSD,M5,3939.34,3944.67,3938.55,3944.34,418,0,16
2025-11-05 03:25:00,XAUUSD,M5,3944.46,3948.49,3944.46,3946.27,444,0,10
2025-11-05 03:30:00,XAUUSD,M5,3946.31,3948.36,3943.07,3943.39,440,0,15
2025-11-05 03:35:00,XAUUSD,M5,3943.46,3947.45,3943.46,3945.71,436,0,16
2025-11-05 03:40:00,XAUUSD,M5,3945.44,3949.39,3943.51,3943.51,445,0,16
2025-11-05 03:45:00,XAUUSD,M5,3943.14,3943.58,3936.75,3941.17,431,0,16
2025-11-05 03:50:00,XAUUSD,M5,3941.13,3941.17,3935.57,3936.4,427,0,11
2025-11-05 03:55:00,XAUUSD,M5,3936.31,3940.57,3934.03,3937.07,445,0,16
2025-11-05 04:00:00,XAUUSD,M5,3937.02,3940.49,3935.68,3936.8,388,0,5
2025-11-05 04:05:00,XAUUSD,M5,3936.9,3945.08,3936.9,3940.94,440,0,15
2025-11-05 04:10:00,XAUUSD,M5,3940.94,3942.61,3939.56,3942.02,376,0,15
2025-11-05 04:15:00,XAUUSD,M5,3942.01,3942.19,3938.17,3939.68,382,0,11
2025-11-05 04:20:00,XAUUSD,M5,3939.62,3939.84,3936.27,3938.14,351,0,5
2025-11-05 04:25:00,XAUUSD,M5,3938.17,3939.06,3936.99,3938.07,348,0,5
2025-11-05 04:30:00,XAUUSD,M5,3938.04,3943.02,3938.04,3942.96,381,0,13
2025-11-05 04:35:00,XAUUSD,M5,3942.94,3948.69,3942.76,3945.62,418,0,14
2025-11-05 04:40:00,XAUUSD,M5,3946.02,3948.35,3944.64,3945.2,397,0,17
2025-11-05 04:45:00,XAUUSD,M5,3945.19,3949.35,3945.19,3947.9,377,0,8
2025-11-05 04:50:00,XAUUSD,M5,3947.9,3948.79,3946.39,3948.02,400,0,9
2025-11-05 04:55:00,XAUUSD,M5,3948.04,3950.88,3947.62,3948.58,385,0,7
2025-11-05 05:00:00,XAUUSD,M5,3948.51,3953.37,3947.62,3952.08,375,0,17
2025-11-05 05:05:00,XAUUSD,M5,3952.07,3955.3,3952.04,3953.76,412,0,11
2025-11-05 05:10:00,XAUUSD,M5,3953.75,3956.15,3952.4,3952.95,384,0,15
2025-11-05 05:15:00,XAUUSD,M5,3952.93,3955.46,3952.9,3955.46,350,0,16
2025-11-05 05:20:00,XAUUSD,M5,3955.48,3956.21,3953.35,3954.54,341,0,6
2025-11-05 05:25:00,XAUUSD,M5,3954.37,3955.59,3952.71,3953.06,349,0,16
2025-11-05 05:30:00,XAUUSD,M5,3953.18,3956.78,3951.89,3956.65,331,0,16
2025-11-05 05:35:00,XAUUSD,M5,3956.58,3958.54,3955.52,3957.05,343,0,15
2025-11-05 05:40:00,XAUUSD,M5,3957.06,3959.32,3956.47,3958.92,311,0,5
2025-11-05 05:45:00,XAUUSD,M5,3959.2,3965.27,3959.17,3964.77,415,0,5
2025-11-05 05:50:00,XAUUSD,M5,3964.7,3964.77,3961.0,3961.63,389,0,15
2025-11-05 05:55:00,XAUUSD,M5,3961.65,3963.94,3960.85,3960.85,323,0,17
2025-11-05 06:00:00,XAUUSD,M5,3960.54,3961.51,3959.88,3959.93,314,0,18
2025-11-05 06:05:00,XAUUSD,M5,3960.01,3962.31,3959.81,3962.0,270,0,5
2025-11-05 06:10:00,XAUUSD,M5,3962.14,3964.9,3961.59,3961.9,272,0,5
2025-11-05 06:15:00,XAUUSD,M5,3961.92,3962.17,3960.13,3961.43,304,0,5
2025-11-05 06:20:00,XAUUSD,M5,3961.5,3963.31,3961.11,3962.92,291,0,13
2025-11-05 06:25:00,XAUUSD,M5,3962.88,3964.35,3962.55,3963.61,313,0,9
2025-11-05 06:30:00,XAUUSD,M5,3963.58,3968.11,3963.57,3967.55,389,0,15
2025-11-05 06:35:00,XAUUSD,M5,3967.53,3969.74,3967.01,3969.46,357,0,17
2025-11-05 06:40:00,XAUUSD,M5,3969.48,3972.25,3968.71,3971.17,380,0,17
2025-11-05 06:45:00,XAUUSD,M5,3971.07,3973.39,3969.56,3969.6,388,0,8
2025-11-05 06:50:00,XAUUSD,M5,3969.59,3970.78,3969.03,3969.64,349,0,5
2025-11-05 06:55:00,XAUUSD,M5,3969.65,3970.95,3967.57,3970.31,362,0,16
2025-11-05 07:00:00,XAUUSD,M5,3970.33,3971.15,3967.71,3968.49,349,0,5
2025-11-05 07:05:00,XAUUSD,M5,3968.48,3971.4,3967.16,3970.48,370,0,15
2025-11-05 07:10:00,XAUUSD,M5,3970.48,3972.23,3970.36,3971.09,304,0,5
2025-11-05 07:15:00,XAUUSD,M5,3971.06,3975.72,3970.4,3974.44,326,0,5
2025-11-05 07:20:00,XAUUSD,M5,3974.33,3976.27,3973.98,3975.43,322,0,16
2025-11-05 07:25:00,XAUUSD,M5,3975.44,3978.39,3975.11,3975.84,351,0,16
2025-11-05 07:30:00,XAUUSD,M5,3975.5,3976.12,3972.97,3975.08,408,0,17
2025-11-05 07:35:00,XAUUSD,M5,3975.41,3975.41,3970.74,3970.77,368,0,17
2025-11-05 07:40:00,XAUUSD,M5,3970.89,3971.16,3969.13,3969.8,362,0,16
2025-11-05 07:45:00,XAUUSD,M5,3970.06,3970.06,3963.05,3964.76,403,0,16
2025-11-05 07:50:00,XAUUSD,M5,3964.67,3965.39,3962.95,3965.3,359,0,17
2025-11-05 07:55:00,XAUUSD,M5,3965.33,3965.56,3962.37,3964.84,356,0,16
2025-11-05 08:00:00,XAUUSD,M5,3965.18,3967.61,3961.93,3966.46,388,0,12
2025-11-05 08:05:00,XAUUSD,M5,3966.56,3968.8,3963.88,3966.81,398,0,17
2025-11-05 08:10:00,XAUUSD,M5,3966.76,3968.36,3964.3,3964.86,348,0,5
2025-11-05 08:15:00,XAUUSD,M5,3964.9,3967.11,3963.87,3966.96,361,0,5
2025-11-05 08:20:00,XAUUSD,M5,3966.98,3970.14,3964.4,3970.14,379,0,5
2025-11-05 08:25:00,XAUUSD,M5,3970.09,3970.09,3967.08,3967.52,331,0,16
2025-11-05 08:30:00,XAUUSD,M5,3967.46,3972.05,3965.4,3971.72,407,0,11
2025-11-05 08:35:00,XAUUSD,M5,3971.51,3972.86,3969.32,3969.57,394,0,17
2025-11-05 08:40:00,XAUUSD,M5,3969.67,3973.67,3969.67,3971.76,372,0,16
2025-11-05 08:45:00,XAUUSD,M5,3971.72,3971.84,3969.01,3969.56,324,0,5
2025-11-05 08:50:00,XAUUSD,M5,3970.15,3972.08,3967.64,3968.91,339,0,5
2025-11-05 08:55:00,XAUUSD,M5,3969.04,3969.2,3965.29,3965.98,370,0,16
2025-11-05 09:00:00,XAUUSD,M5,3966.01,3967.15,3964.55,3965.61,407,0,6
2025-11-05 09:05:00,XAUUSD,M5,3965.63,3966.89,3963.77,3964.36,369,0,5
2025-11-05 09:10:00,XAUUSD,M5,3964.37,3967.63,3964.37,3966.38,413,0,5
2025-11-05 09:15:00,XAUUSD,M5,3966.44,3969.88,3965.33,3965.88,388,0,9
2025-11-05 09:20:00,XAUUSD,M5,3965.84,3966.22,3963.8,3965.06,343,0,17
2025-11-05 09:25:00,XAUUSD,M5,3965.05,3967.03,3964.69,3966.08,303,0,16
2025-11-05 09:30:00,XAUUSD,M5,3966.01,3968.03,3965.32,3967.99,330,0,5
2025-11-05 09:35:00,XAUUSD,M5,3967.85,3970.62,3967.53,3969.9,380,0,8
2025-11-05 09:40:00,XAUUSD,M5,3969.93,3971.25,3968.24,3970.16,348,0,17
2025-11-05 09:45:00,XAUUSD,M5,3970.08,3971.98,3968.58,3971.18,325,0,10
2025-11-05 09:50:00,XAUUSD,M5,3971.23,3971.63,3969.51,3969.51,315,0,17
2025-11-05 09:55:00,XAUUSD,M5,3969.74,3974.82,3969.09,3972.62,365,0,16
2025-11-05 10:00:00,XAUUSD,M5,3972.89,3976.44,3972.81,3976.3,420,0,15
2025-11-05 10:05:00,XAUUSD,M5,3976.19,3987.13,3976.14,3986.16,456,0,15
2025-11-05 10:10:00,XAUUSD,M5,3986.16,3986.69,3981.54,3982.27,428,0,5
2025-11-05 10:15:00,XAUUSD,M5,3982.24,3983.96,3981.68,3983.07,391,0,17
2025-11-05 10:20:00,XAUUSD,M5,3983.18,3983.34,3979.35,3981.93,417,0,5
2025-11-05 10:25:00,XAUUSD,M5,3981.66,3983.03,3978.19,3979.99,385,0,16
2025-11-05 10:30:00,XAUUSD,M5,3979.78,3983.1,3979.65,3981.67,385,0,16
2025-11-05 10:35:00,XAUUSD,M5,3981.63,3985.59,3981.14,3984.7,376,0,16
2025-11-05 10:40:00,XAUUSD,M5,3984.57,3984.89,3981.05,3981.77,379,0,15
2025-11-05 10:45:00,XAUUSD,M5,3981.69,3982.95,3979.52,3979.92,313,0,5
2025-11-05 10:50:00,XAUUSD,M5,3979.91,3982.78,3979.53,3981.82,346,0,17
2025-11-05 10:55:00,XAUUSD,M5,3981.8,3983.53,3979.86,3979.9,346,0,16
2025-11-05 11:00:00,XAUUSD,M5,3979.64,3981.19,3976.7,3979.27,378,0,5
2025-11-05 11:05:00,XAUUSD,M5,3979.27,3980.75,3978.3,3978.36,358,0,16
2025-11-05 11:10:00,XAUUSD,M5,3978.34,3978.74,3975.08,3975.48,381,0,5
2025-11-05 11:15:00,XAUUSD,M5,3975.5,3975.7,3971.13,3971.2,421,0,16
2025-11-05 11:20:00,XAUUSD,M5,3971.13,3972.03,3966.4,3966.99,363,0,5
2025-11-05 11:25:00,XAUUSD,M5,3966.96,3967.75,3964.0,3965.52,424,0,6
2025-11-05 11:30:00,XAUUSD,M5,3965.6,3969.33,3963.84,3968.75,396,0,9
2025-11-05 11:35:00,XAUUSD,M5,3968.96,3969.8,3967.3,3969.8,344,0,14
2025-11-05 11:40:00,XAUUSD,M5,3969.72,3971.46,3969.34,3969.62,383,0,12
2025-11-05 11:45:00,XAUUSD,M5,3969.61,3971.76,3968.83,3970.9,341,0,11
2025-11-05 11:50:00,XAUUSD,M5,3970.85,3971.63,3969.73,3971.62,307,0,15
2025-11-05 11:55:00,XAUUSD,M5,3971.55,3972.48,3970.18,3971.81,319,0,16
2025-11-05 12:00:00,XAUUSD,M5,3971.73,3971.74,3961.4,3961.71,395,0,5
2025-11-05 12:05:00,XAUUSD,M5,3961.85,3965.34,3955.99,3965.34,433,0,17
2025-11-05 12:10:00,XAUUSD,M5,3965.44,3965.44,3963.33,3963.86,338,0,18
2025-11-05 12:15:00,XAUUSD,M5,3963.84,3965.63,3960.33,3965.61,382,0,5
2025-11-05 12:20:00,XAUUSD,M5,3965.62,3967.27,3965.25,3966.14,320,0,8
2025-11-05 12:25:00,XAUUSD,M5,3966.17,3966.45,3964.58,3964.58,301,0,6
2025-11-05 12:30:00,XAUUSD,M5,3964.56,3966.73,3964.15,3964.97,313,0,12
2025-11-05 12:35:00,XAUUSD,M5,3965.0,3966.67,3964.34,3965.81,321,0,12
2025-11-05 12:40:00,XAUUSD,M5,3965.69,3967.3,3964.46,3966.95,330,0,16
2025-11-05 12:45:00,XAUUSD,M5,3966.98,3970.29,3966.19,3967.65,348,0,5
2025-11-05 12:50:00,XAUUSD,M5,3967.74,3968.26,3961.73,3962.1,359,0,9
2025-11-05 12:55:00,XAUUSD,M5,3962.27,3964.37,3960.51,3964.37,399,0,16
2025-11-05 13:00:00,XAUUSD,M5,3964.46,3968.84,3963.14,3968.43,342,0,17
2025-11-05 13:05:00,XAUUSD,M5,3968.47,3968.52,3962.73,3962.73,351,0,5
2025-11-05 13:10:00,XAUUSD,M5,3962.77,3963.95,3960.6,3960.86,367,0,11
2025-11-05 13:15:00,XAUUSD,M5,3960.83,3961.73,3960.11,3960.97,342,0,7
2025-11-05 13:20:00,XAUUSD,M5,3961.29,3961.33,3958.47,3958.74,340,0,8
2025-11-05 13:25:00,XAUUSD,M5,3958.75,3960.14,3957.74,3958.27,362,0,17
2025-11-05 13:30:00,XAUUSD,M5,3958.22,3959.19,3957.64,3958.78,320,0,14
2025-11-05 13:35:00,XAUUSD,M5,3958.89,3960.75,3957.68,3960.61,343,0,13
2025-11-05 13:40:00,XAUUSD,M5,3960.63,3964.08,3960.24,3963.22,364,0,8
2025-11-05 13:45:00,XAUUSD,M5,3963.21,3966.6,3962.45,3966.37,404,0,16
2025-11-05 13:50:00,XAUUSD,M5,3965.96,3968.19,3964.48,3965.34,380,0,16
2025-11-05 13:55:00,XAUUSD,M5,3965.36,3967.41,3965.01,3966.9,302,0,8
2025-11-05 14:00:00,XAUUSD,M5,3966.74,3966.98,3962.18,3963.86,367,0,5
2025-11-05 14:05:00,XAUUSD,M5,3963.81,3965.97,3963.66,3965.97,344,0,12
2025-11-05 14:10:00,XAUUSD,M5,3965.83,3966.08,3963.35,3964.33,322,0,17
2025-11-05 14:15:00,XAUUSD,M5,3964.27,3968.97,3963.75,3967.82,352,0,13
2025-11-05 14:20:00,XAUUSD,M5,3968.0,3969.89,3967.17,3967.42,352,0,8
2025-11-05 14:25:00,XAUUSD,M5,3967.44,3969.11,3965.26,3967.48,344,0,5
2025-11-05 14:30:00,XAUUSD,M5,3967.45,3968.05,3965.97,3966.93,328,0,16
2025-11-05 14:35:00,XAUUSD,M5,3966.94,3966.97,3963.84,3964.21,353,0,13
2025-11-05 14:40:00,XAUUSD,M5,3964.28,3964.89,3963.15,3964.71,333,0,16
2025-11-05 14:45:00,XAUUSD,M5,3964.6,3966.31,3963.54,3963.81,363,0,7
2025-11-05 14:50:00,XAUUSD,M5,3963.79,3965.6,3963.5,3965.39,322,0,16
2025-11-05 14:55:00,XAUUSD,M5,3965.65,3969.52,3965.42,3969.41,342,0,16
2025-11-05 15:00:00,XAUUSD,M5,3969.46,3971.33,3967.51,3967.51,410,0,7
2025-11-05 15:05:00,XAUUSD,M5,3966.69,3973.72,3966.69,3973.39,407,0,13
2025-11-05 15:10:00,XAUUSD,M5,3973.42,3974.69,3971.14,3972.38,373,0,12
2025-11-05 15:15:00,XAUUSD,M5,3972.82,3974.13,3964.42,3967.5,445,0,11
2025-11-05 15:20:00,XAUUSD,M5,3967.44,3976.05,3967.44,3975.49,446,0,17
2025-11-05 15:25:00,XAUUSD,M5,3975.49,3977.52,3974.16,3976.34,414,0,17
2025-11-05 15:30:00,XAUUSD,M5,3976.13,3977.19,3972.75,3972.98,424,0,12
2025-11-05 15:35:00,XAUUSD,M5,3973.07,3973.78,3970.72,3971.53,427,0,17
2025-11-05 15:40:00,XAUUSD,M5,3971.67,3976.58,3970.89,3974.45,423,0,5
2025-11-05 15:45:00,XAUUSD,M5,3974.59,3974.73,3971.32,3972.22,408,0,17
2025-11-05 15:50:00,XAUUSD,M5,3972.27,3979.34,3971.81,3978.72,410,0,16
2025-11-05 15:55:00,XAUUSD,M5,3978.72,3979.71,3974.5,3975.89,395,0,16
2025-11-05 16:00:00,XAUUSD,M5,3975.82,3977.04,3973.59,3977.04,399,0,5
2025-11-05 16:05:00,XAUUSD,M5,3976.98,3978.47,3973.88,3976.27,414,0,5
2025-11-05 16:10:00,XAUUSD,M5,3976.26,3980.68,3975.69,3979.36,424,0,12
2025-11-05 16:15:00,XAUUSD,M5,3979.45,3981.44,3978.39,3980.41,403,0,13
2025-11-05 16:20:00,XAUUSD,M5,3980.4,3982.06,3978.38,3981.95,387,0,16
2025-11-05 16:25:00,XAUUSD,M5,3981.64,3985.08,3981.64,3983.63,415,0,5
2025-11-05 16:30:00,XAUUSD,M5,3983.34,3985.24,3979.53,3984.03,446,0,16
2025-11-05 16:35:00,XAUUSD,M5,3984.33,3985.52,3979.98,3981.89,464,0,6
2025-11-05 16:40:00,XAUUSD,M5,3981.97,3983.45,3975.78,3976.34,448,0,16
2025-11-05 16:45:00,XAUUSD,M5,3976.36,3978.69,3969.26,3972.4,460,0,14
2025-11-05 16:50:00,XAUUSD,M5,3972.34,3975.62,3971.49,3973.92,462,0,17
2025-11-05 16:55:00,XAUUSD,M5,3974.4,3978.24,3972.53,3973.27,426,0,8
2025-11-05 17:00:00,XAUUSD,M5,3971.65,3972.35,3963.69,3970.86,492,0,14
2025-11-05 17:05:00,XAUUSD,M5,3970.73,3977.75,3969.79,3973.89,467,0,16
2025-11-05 17:10:00,XAUUSD,M5,3973.96,3974.76,3968.2,3970.61,451,0,12
2025-11-05 17:15:00,XAUUSD,M5,3970.88,3973.08,3967.51,3969.65,436,0,15
2025-11-05 17:20:00,XAUUSD,M5,3969.54,3972.71,3966.42,3971.44,429,0,17
2025-11-05 17:25:00,XAUUSD,M5,3971.49,3980.02,3971.49,3979.24,441,0,5
2025-11-05 17:30:00,XAUUSD,M5,3979.16,3984.37,3978.73,3981.76,455,0,5
2025-11-05 17:35:00,XAUUSD,M5,3981.57,3981.69,3978.22,3980.75,431,0,17
2025-11-05 17:40:00,XAUUSD,M5,3980.76,3984.11,3979.45,3983.03,430,0,16
2025-11-05 17:45:00,XAUUSD,M5,3982.79,3984.47,3980.03,3980.31,424,0,16
2025-11-05 17:50:00,XAUUSD,M5,3980.35,3981.85,3979.29,3980.89,393,0,17
2025-11-05 17:55:00,XAUUSD,M5,3980.88,3981.6,3977.11,3978.21,419,0,8
2025-11-05 18:00:00,XAUUSD,M5,3978.5,3981.53,3977.18,3978.97,405,0,9
2025-11-05 18:05:00,XAUUSD,M5,3978.96,3981.62,3976.91,3981.62,390,0,16
2025-11-05 18:10:00,XAUUSD,M5,3981.76,3982.01,3976.07,3976.6,411,0,16
2025-11-05 18:15:00,XAUUSD,M5,3976.59,3980.9,3974.9,3976.96,423,0,16
2025-11-05 18:20:00,XAUUSD,M5,3977.0,3980.5,3976.62,3979.55,385,0,16
2025-11-05 18:25:00,XAUUSD,M5,3979.56,3981.34,3978.49,3981.3,377,0,15
2025-11-05 18:30:00,XAUUSD,M5,3981.5,3984.23,3979.78,3979.95,417,0,11
2025-11-05 18:35:00,XAUUSD,M5,3979.83,3983.7,3977.67,3983.12,411,0,16
2025-11-05 18:40:00,XAUUSD,M5,3983.34,3983.6,3981.85,3982.61,368,0,17
2025-11-05 18:45:00,XAUUSD,M5,3982.7,3989.83,3982.7,3987.66,412,0,13
2025-11-05 18:50:00,XAUUSD,M5,3987.81,3990.32,3985.92,3986.92,411,0,5
2025-11-05 18:55:00,XAUUSD,M5,3986.64,3988.18,3985.95,3986.88,363,0,17
2025-11-05 19:00:00,XAUUSD,M5,3986.99,3989.62,3986.43,3986.98,391,0,17
2025-11-05 19:05:00,XAUUSD,M5,3987.08,3987.92,3982.38,3984.46,425,0,5
2025-11-05 19:10:00,XAUUSD,M5,3984.46,3985.58,3982.66,3984.14,368,0,17
2025-11-05 19:15:00,XAUUSD,M5,3984.13,3985.33,3981.57,3981.58,358,0,17
2025-11-05 19:20:00,XAUUSD,M5,3981.85,3982.0,3978.72,3980.52,391,0,17
2025-11-05 19:25:00,XAUUSD,M5,3980.53,3983.57,3980.42,3982.33,378,0,15
2025-11-05 19:30:00,XAUUSD,M5,3982.29,3982.42,3979.76,3981.57,364,0,17
2025-11-05 19:35:00,XAUUSD,M5,3981.41,3983.69,3981.14,3981.81,332,0,17
2025-11-05 19:40:00,XAUUSD,M5,3981.59,3984.26,3981.06,3983.13,332,0,5
2025-11-05 19:45:00,XAUUSD,M5,3983.1,3983.43,3981.52,3982.48,339,0,8
2025-11-05 19:50:00,XAUUSD,M5,3982.52,3983.39,3981.71,3982.27,327,0,17
2025-11-05 19:55:00,XAUUSD,M5,3982.25,3982.39,3979.83,3982.03,356,0,16
2025-11-05 20:00:00,XAUUSD,M5,3982.18,3982.32,3979.6,3981.64,327,0,16
2025-11-05 20:05:00,XAUUSD,M5,3981.62,3982.45,3980.98,3982.01,319,0,16
2025-11-05 20:10:00,XAUUSD,M5,3982.04,3983.72,3981.31,3983.64,341,0,16
2025-11-05 20:15:00,XAUUSD,M5,3983.58,3985.96,3983.18,3984.61,342,0,6
2025-11-05 20:20:00,XAUUSD,M5,3984.6,3986.0,3983.99,3984.41,318,0,16
2025-11-05 20:25:00,XAUUSD,M5,3984.38,3984.91,3981.97,3983.6,369,0,11
2025-11-05 20:30:00,XAUUSD,M5,3983.39,3985.01,3980.77,3981.68,351,0,16
2025-11-05 20:35:00,XAUUSD,M5,3981.7,3982.29,3979.45,3980.44,327,0,10
2025-11-05 20:40:00,XAUUSD,M5,3980.47,3981.05,3979.05,3979.66,329,0,17
2025-11-05 20:45:00,XAUUSD,M5,3979.67,3981.99,3979.66,3981.43,324,0,5
2025-11-05 20:50:00,XAUUSD,M5,3981.49,3983.03,3980.98,3982.9,351,0,12
2025-11-05 20:55:00,XAUUSD,M5,3982.91,3983.19,3981.88,3982.43,299,0,9
2025-11-05 21:00:00,XAUUSD,M5,3982.41,3984.85,3982.32,3984.75,335,0,17
2025-11-05 21:05:00,XAUUSD,M5,3984.76,3985.92,3980.75,3980.76,342,0,14
2025-11-05 21:10:00,XAUUSD,M5,3980.76,3981.93,3979.52,3980.32,362,0,16
2025-11-05 21:15:00,XAUUSD,M5,3980.22,3982.44,3979.36,3982.25,369,0,5
2025-11-05 21:20:00,XAUUSD,M5,3982.28,3983.3,3981.86,3982.61,340,0,16
2025-11-05 21:25:00,XAUUSD,M5,3982.68,3984.39,3982.34,3984.16,337,0,5
2025-11-05 21:30:00,XAUUSD,M5,3984.17,3984.6,3983.04,3983.21,317,0,17
2025-11-05 21:35:00,XAUUSD,M5,3983.16,3985.63,3983.01,3985.62,354,0,17
2025-11-05 21:40:00,XAUUSD,M5,3985.66,3988.89,3985.12,3987.18,386,0,6
2025-11-05 21:45:00,XAUUSD,M5,3987.1,3988.03,3986.54,3986.62,306,0,17
2025-11-05 21:50:00,XAUUSD,M5,3986.61,3988.29,3986.58,3987.5,285,0,17
2025-11-05 21:55:00,XAUUSD,M5,3987.4,3988.79,3987.15,3987.81,298,0,17
2025-11-05 22:00:00,XAUUSD,M5,3987.81,3988.77,3986.61,3987.58,329,0,17
2025-11-05 22:05:00,XAUUSD,M5,3987.63,3990.18,3987.28,3989.6,348,0,17
2025-11-05 22:10:00,XAUUSD,M5,3989.84,3990.04,3987.45,3987.71,322,0,17
2025-11-05 22:15:00,XAUUSD,M5,3987.69,3988.6,3986.06,3986.71,354,0,17
2025-11-05 22:20:00,XAUUSD,M5,3986.6,3988.46,3986.52,3987.24,348,0,16
2025-11-05 22:25:00,XAUUSD,M5,3987.25,3987.99,3985.68,3985.69,321,0,12
2025-11-05 22:30:00,XAUUSD,M5,3985.66,3987.34,3985.23,3986.44,367,0,17
2025-11-05 22:35:00,XAUUSD,M5,3986.52,3988.22,3986.24,3987.91,285,0,17
2025-11-05 22:40:00,XAUUSD,M5,3987.94,3988.05,3984.1,3984.56,337,0,5
2025-11-05 22:45:00,XAUUSD,M5,3984.59,3985.48,3981.6,3982.13,400,0,8
2025-11-05 22:50:00,XAUUSD,M5,3982.13,3983.44,3982.05,3982.6,348,0,5
2025-11-05 22:55:00,XAUUSD,M5,3982.47,3984.41,3982.11,3984.41,371,0,5
2025-11-05 23:00:00,XAUUSD,M5,3984.08,3984.88,3983.84,3984.63,241,0,18
2025-11-05 23:05:00,XAUUSD,M5,3984.68,3984.81,3981.81,3982.1,286,0,18
2025-11-05 23:10:00,XAUUSD,M5,3982.11,3983.43,3981.56,3983.4,258,0,15
2025-11-05 23:15:00,XAUUSD,M5,3983.47,3984.27,3982.3,3983.72,283,0,18
2025-11-05 23:20:00,XAUUSD,M5,3983.66,3983.66,3982.16,3983.6,205,0,9
2025-11-05 23:25:00,XAUUSD,M5,3983.59,3983.8,3981.57,3981.92,191,0,16
2025-11-05 23:30:00,XAUUSD,M5,3981.96,3982.7,3981.86,3982.12,149,0,17
2025-11-05 23:35:00,XAUUSD,M5,3982.14,3983.34,3981.95,3982.89,180,0,17
2025-11-05 23:40:00,XAUUSD,M5,3982.7,3982.81,3981.96,3982.14,162,0,17
2025-11-05 23:45:00,XAUUSD,M5,3982.13,3983.04,3982.0,3982.47,149,0,17
2025-11-05 23:50:00,XAUUSD,M5,3982.42,3982.42,3979.09,3979.22,193,0,17
2025-11-05 23:55:00,XAUUSD,M5,3978.82,3979.68,3977.79,3978.99,127,0,50
2025-11-06 01:00:00,XAUUSD,M5,3980.03,3983.81,3968.55,3968.78,960,0,15
2025-11-06 01:05:00,XAUUSD,M5,3968.76,3972.12,3968.48,3968.48,294,0,15
2025-11-06 01:10:00,XAUUSD,M5,3968.38,3970.3,3966.24,3969.92,301,0,16
2025-11-06 01:15:00,XAUUSD,M5,3970.09,3971.87,3969.52,3970.07,310,0,6
2025-11-06 01:20:00,XAUUSD,M5,3970.06,3971.77,3969.44,3970.06,224,0,17
2025-11-06 01:25:00,XAUUSD,M5,3969.98,3970.97,3968.67,3970.25,231,0,17
2025-11-06 01:30:00,XAUUSD,M5,3970.65,3974.07,3970.47,3973.41,343,0,17
2025-11-06 01:35:00,XAUUSD,M5,3973.49,3974.96,3972.13,3974.96,333,0,16
2025-11-06 01:40:00,XAUUSD,M5,3974.99,3975.25,3972.53,3973.33,303,0,13
2025-11-06 01:45:00,XAUUSD,M5,3973.28,3976.68,3973.06,3976.12,312,0,17
2025-11-06 01:50:00,XAUUSD,M5,3976.16,3977.44,3973.33,3973.82,336,0,18
2025-11-06 01:55:00,XAUUSD,M5,3973.7,3974.61,3973.1,3973.56,253,0,18
2025-11-06 02:00:00,XAUUSD,M5,3973.58,3973.58,3970.39,3971.12,341,0,17
2025-11-06 02:05:00,XAUUSD,M5,3971.12,3972.6,3970.75,3972.6,287,0,17
2025-11-06 02:10:00,XAUUSD,M5,3972.6,3975.37,3972.59,3974.77,316,0,17
2025-11-06 02:15:00,XAUUSD,M5,3974.81,3974.85,3971.12,3972.22,295,0,17
2025-11-06 02:20:00,XAUUSD,M5,3972.24,3973.76,3971.22,3973.37,280,0,17
2025-11-06 02:25:00,XAUUSD,M5,3973.39,3974.86,3972.87,3973.58,309,0,17
2025-11-06 02:30:00,XAUUSD,M5,3973.66,3974.7,3971.54,3971.69,323,0,13
2025-11-06 02:35:00,XAUUSD,M5,3971.69,3973.33,3971.24,3972.18,375,0,17
2025-11-06 02:40:00,XAUUSD,M5,3972.18,3972.53,3969.47,3972.34,413,0,16
2025-11-06 02:45:00,XAUUSD,M5,3972.35,3973.78,3971.32,3972.38,348,0,13
2025-11-06 02:50:00,XAUUSD,M5,3972.39,3973.08,3970.57,3972.63,338,0,17
2025-11-06 02:55:00,XAUUSD,M5,3973.32,3975.86,3973.32,3975.86,408,0,17
2025-11-06 03:00:00,XAUUSD,M5,3976.18,3977.21,3972.67,3972.72,450,0,10
2025-11-06 03:05:00,XAUUSD,M5,3972.46,3973.13,3965.03,3966.8,458,0,16
2025-11-06 03:10:00,XAUUSD,M5,3966.3,3970.36,3964.71,3969.81,435,0,16
2025-11-06 03:15:00,XAUUSD,M5,3969.83,3970.45,3968.24,3970.44,396,0,16
2025-11-06 03:20:00,XAUUSD,M5,3970.36,3975.35,3970.04,3973.42,418,0,16
2025-11-06 03:25:00,XAUUSD,M5,3973.31,3975.44,3969.06,3969.11,415,0,16
2025-11-06 03:30:00,XAUUSD,M5,3969.05,3972.48,3967.73,3972.48,431,0,17
2025-11-06 03:35:00,XAUUSD,M5,3972.54,3974.02,3971.39,3972.45,373,0,16
2025-11-06 03:40:00,XAUUSD,M5,3972.47,3973.12,3970.9,3970.98,355,0,16
2025-11-06 03:45:00,XAUUSD,M5,3971.08,3972.91,3971.03,3972.47,337,0,13
2025-11-06 03:50:00,XAUUSD,M5,3972.45,3976.27,3972.01,3975.56,386,0,5
2025-11-06 03:55:00,XAUUSD,M5,3975.84,3976.64,3974.59,3976.6,397,0,16
2025-11-06 04:00:00,XAUUSD,M5,3976.6,3979.33,3974.18,3977.17,425,0,11
2025-11-06 04:05:00,XAUUSD,M5,3977.04,3978.79,3974.7,3978.41,362,0,5
2025-11-06 04:10:00,XAUUSD,M5,3978.42,3978.67,3976.85,3977.33,329,0,5
2025-11-06 04:15:00,XAUUSD,M5,3977.37,3978.94,3977.27,3977.91,290,0,18
2025-11-06 04:20:00,XAUUSD,M5,3977.97,3978.34,3976.64,3977.63,285,0,14
2025-11-06 04:25:00,XAUUSD,M5,3977.65,3978.78,3976.39,3978.0,302,0,18
2025-11-06 04:30:00,XAUUSD,M5,3977.99,3984.65,3977.99,3983.56,425,0,17
2025-11-06 04:35:00,XAUUSD,M5,3983.28,3984.37,3981.86,3983.36,389,0,17
2025-11-06 04:40:00,XAUUSD,M5,3982.99,3985.16,3979.71,3980.21,406,0,15
2025-11-06 04:45:00,XAUUSD,M5,3980.11,3982.75,3979.64,3982.34,371,0,17
2025-11-06 04:50:00,XAUUSD,M5,3982.31,3983.71,3981.67,3982.86,317,0,18
2025-11-06 04:55:00,XAUUSD,M5,3982.92,3984.24,3982.21,3983.38,332,0,18
2025-11-06 05:00:00,XAUUSD,M5,3983.57,3983.94,3980.94,3981.41,357,0,18
2025-11-06 05:05:00,XAUUSD,M5,3981.63,3982.12,3979.68,3981.03,327,0,18
2025-11-06 05:10:00,XAUUSD,M5,3980.77,3985.48,3980.77,3985.02,370,0,18
2025-11-06 05:15:00,XAUUSD,M5,3984.85,3985.15,3982.86,3984.01,301,0,18
2025-11-06 05:20:00,XAUUSD,M5,3984.06,3986.61,3983.23,3986.29,359,0,17
2025-11-06 05:25:00,XAUUSD,M5,3986.28,3987.01,3984.22,3986.19,381,0,17
2025-11-06 05:30:00,XAUUSD,M5,3986.2,3988.62,3985.92,3988.4,327,0,17
2025-11-06 05:35:00,XAUUSD,M5,3988.4,3990.64,3987.36,3990.18,336,0,17
2025-11-06 05:40:00,XAUUSD,M5,3989.99,3990.21,3986.94,3987.59,345,0,17
2025-11-06 05:45:00,XAUUSD,M5,3987.72,3987.98,3985.8,3986.94,316,0,18
2025-11-06 05:50:00,XAUUSD,M5,3986.98,3986.98,3985.37,3986.56,329,0,18
2025-11-06 05:55:00,XAUUSD,M5,3986.61,3988.03,3986.28,3987.58,319,0,17
2025-11-06 06:00:00,XAUUSD,M5,3987.61,3988.03,3985.68,3985.87,290,0,17
2025-11-06 06:05:00,XAUUSD,M5,3985.83,3986.79,3985.61,3985.92,236,0,17
2025-11-06 06:10:00,XAUUSD,M5,3985.52,3986.43,3984.63,3985.56,323,0,17
2025-11-06 06:15:00,XAUUSD,M5,3985.84,3987.2,3985.04,3985.07,247,0,17
2025-11-06 06:20:00,XAUUSD,M5,3985.11,3987.07,3985.11,3986.29,276,0,17
2025-11-06 06:25:00,XAUUSD,M5,3986.28,3987.48,3985.84,3986.73,253,0,17
2025-11-06 06:30:00,XAUUSD,M5,3986.63,3987.21,3986.0,3986.43,246,0,11
2025-11-06 06:35:00,XAUUSD,M5,3986.48,3988.13,3986.24,3986.94,244,0,17
2025-11-06 06:40:00,XAUUSD,M5,3986.93,3989.52,3986.52,3986.9,305,0,17
2025-11-06 06:45:00,XAUUSD,M5,3986.9,3986.96,3985.17,3986.84,312,0,17
2025-11-06 06:50:00,XAUUSD,M5,3986.86,3988.16,3985.74,3986.55,271,0,17
2025-11-06 06:55:00,XAUUSD,M5,3986.6,3989.94,3986.43,3988.78,291,0,17
2025-11-06 07:00:00,XAUUSD,M5,3988.55,3990.16,3988.01,3990.16,314,0,11
2025-11-06 07:05:00,XAUUSD,M5,3990.17,3990.26,3986.12,3987.09,363,0,17
2025-11-06 07:10:00,XAUUSD,M5,3987.04,3988.16,3986.93,3988.05,269,0,17
2025-11-06 07:15:00,XAUUSD,M5,3988.06,3988.91,3988.0,3988.51,179,0,17
2025-11-06 07:20:00,XAUUSD,M5,3988.52,3990.29,3988.36,3989.82,217,0,17
2025-11-06 07:25:00,XAUUSD,M5,3989.73,3991.08,3988.83,3990.2,343,0,17
2025-11-06 07:30:00,XAUUSD,M5,3990.25,3990.3,3986.79,3987.79,381,0,17
2025-11-06 07:35:00,XAUUSD,M5,3987.74,3989.8,3986.55,3988.13,384,0,17
2025-11-06 07:40:00,XAUUSD,M5,3988.1,3988.48,3985.82,3987.83,347,0,17
2025-11-06 07:45:00,XAUUSD,M5,3987.85,3990.23,3987.33,3989.18,345,0,17
2025-11-06 07:50:00,XAUUSD,M5,3989.33,3989.84,3987.63,3988.76,325,0,16
2025-11-06 07:55:00,XAUUSD,M5,3988.78,3989.07,3986.74,3988.03,368,0,16
2025-11-06 08:00:00,XAUUSD,M5,3987.69,3989.26,3985.09,3988.54,405,0,16
2025-11-06 08:05:00,XAUUSD,M5,3988.45,3989.16,3985.28,3987.95,385,0,10
2025-11-06 08:10:00,XAUUSD,M5,3988.11,3989.75,3986.75,3987.09,346,0,16
2025-11-06 08:15:00,XAUUSD,M5,3986.96,3987.78,3985.68,3986.93,353,0,16
2025-11-06 08:20:00,XAUUSD,M5,3986.88,3987.6,3985.41,3987.41,340,0,16
2025-11-06 08:25:00,XAUUSD,M5,3987.42,3988.71,3986.78,3987.12,336,0,14
2025-11-06 08:30:00,XAUUSD,M5,3987.11,3987.11,3985.18,3986.09,367,0,16
2025-11-06 08:35:00,XAUUSD,M5,3986.08,3987.45,3985.89,3986.19,302,0,17
2025-11-06 08:40:00,XAUUSD,M5,3986.15,3986.35,3984.21,3984.21,298,0,8
2025-11-06 08:45:00,XAUUSD,M5,3984.38,3986.14,3982.2,3985.76,354,0,6
2025-11-06 08:50:00,XAUUSD,M5,3985.81,3989.18,3985.81,3988.72,363,0,16
2025-11-06 08:55:00,XAUUSD,M5,3988.87,3992.86,3988.62,3991.5,407,0,5
2025-11-06 09:00:00,XAUUSD,M5,3991.35,3998.23,3991.32,3997.12,452,0,11
2025-11-06 09:05:00,XAUUSD,M5,3997.13,3998.51,3996.14,3997.12,397,0,5
2025-11-06 09:10:00,XAUUSD,M5,3997.36,3998.29,3996.1,3998.25,356,0,8
2025-11-06 09:15:00,XAUUSD,M5,3998.26,4001.42,3997.54,4000.45,409,0,10
2025-11-06 09:20:00,XAUUSD,M5,4000.59,4008.86,4000.56,4006.24,456,0,8
2025-11-06 09:25:00,XAUUSD,M5,4005.95,4007.58,4003.83,4004.37,372,0,16
2025-11-06 09:30:00,XAUUSD,M5,4004.34,4006.24,4003.97,4006.02,372,0,5
2025-11-06 09:35:00,XAUUSD,M5,4005.95,4009.59,4005.94,4008.35,414,0,17
2025-11-06 09:40:00,XAUUSD,M5,4008.18,4008.74,4004.52,4005.28,389,0,16
2025-11-06 09:45:00,XAUUSD,M5,4005.27,4009.54,4004.06,4007.6,352,0,10
2025-11-06 09:50:00,XAUUSD,M5,4007.58,4008.27,4005.46,4006.06,341,0,16
2025-11-06 09:55:00,XAUUSD,M5,4006.06,4006.12,4004.57,4005.79,337,0,16
2025-11-06 10:00:00,XAUUSD,M5,4005.66,4008.49,4004.71,4007.18,395,0,6
2025-11-06 10:05:00,XAUUSD,M5,4007.18,4008.25,4005.53,4006.48,373,0,5
2025-11-06 10:10:00,XAUUSD,M5,4006.63,4009.54,4005.71,4009.19,398,0,7
2025-11-06 10:15:00,XAUUSD,M5,4009.47,4013.75,4008.46,4011.07,438,0,16
2025-11-06 10:20:00,XAUUSD,M5,4010.97,4013.42,4010.7,4013.21,355,0,17
2025-11-06 10:25:00,XAUUSD,M5,4013.16,4016.15,4011.78,4015.64,410,0,9
2025-11-06 10:30:00,XAUUSD,M5,4015.59,4016.53,4013.88,4013.92,398,0,16
2025-11-06 10:35:00,XAUUSD,M5,4013.44,4015.09,4012.71,4013.68,389,0,16
2025-11-06 10:40:00,XAUUSD,M5,4013.69,4013.99,4010.23,4010.23,352,0,7
2025-11-06 10:45:00,XAUUSD,M5,4010.25,4012.75,4010.14,4011.14,352,0,16
2025-11-06 10:50:00,XAUUSD,M5,4011.22,4014.01,4010.73,4012.52,361,0,16
2025-11-06 10:55:00,XAUUSD,M5,4012.52,4015.7,4012.07,4014.73,395,0,17
2025-11-06 11:00:00,XAUUSD,M5,4014.68,4015.21,4012.31,4013.5,363,0,17
2025-11-06 11:05:00,XAUUSD,M5,4013.81,4014.63,4012.47,4013.08,377,0,17
2025-11-06 11:10:00,XAUUSD,M5,4012.78,4013.26,4010.67,4012.1,420,0,5
2025-11-06 11:15:00,XAUUSD,M5,4012.12,4013.33,4011.49,4011.5,372,0,16
2025-11-06 11:20:00,XAUUSD,M5,4011.49,4014.93,4011.17,4013.08,406,0,5
2025-11-06 11:25:00,XAUUSD,M5,4013.1,4014.39,4011.61,4012.64,396,0,16
2025-11-06 11:30:00,XAUUSD,M5,4012.59,4013.44,4011.98,4012.94,350,0,17
2025-11-06 11:35:00,XAUUSD,M5,4012.94,4013.51,4011.85,4012.19,293,0,17
2025-11-06 11:40:00,XAUUSD,M5,4012.12,4012.84,4010.51,4012.33,298,0,16
2025-11-06 11:45:00,XAUUSD,M5,4012.38,4012.77,4010.08,4011.58,356,0,16
2025-11-06 11:50:00,XAUUSD,M5,4011.58,4012.17,4010.2,4010.87,373,0,16
2025-11-06 11:55:00,XAUUSD,M5,4010.87,4011.56,4009.43,4011.01,328,0,5
2025-11-06 12:00:00,XAUUSD,M5,4011.02,4011.33,4007.16,4008.52,358,0,16
2025-11-06 12:05:00,XAUUSD,M5,4008.58,4009.17,4006.05,4006.45,334,0,16
2025-11-06 12:10:00,XAUUSD,M5,4006.46,4008.69,4006.02,4008.62,377,0,16
2025-11-06 12:15:00,XAUUSD,M5,4008.64,4009.17,4007.53,4007.79,311,0,16
2025-11-06 12:20:00,XAUUSD,M5,4007.8,4008.07,4005.85,4005.85,334,0,16
2025-11-06 12:25:00,XAUUSD,M5,4005.86,4006.46,4005.27,4006.24,370,0,15
2025-11-06 12:30:00,XAUUSD,M5,4006.15,4006.15,4004.42,4005.29,372,0,14
2025-11-06 12:35:00,XAUUSD,M5,4005.26,4006.88,4004.29,4005.71,390,0,16
2025-11-06 12:40:00,XAUUSD,M5,4005.75,4008.74,4005.0,4007.77,373,0,16
2025-11-06 12:45:00,XAUUSD,M5,4007.74,4008.02,4005.29,4006.25,324,0,5
2025-11-06 12:50:00,XAUUSD,M5,4006.3,4008.54,4006.04,4008.48,315,0,8
2025-11-06 12:55:00,XAUUSD,M5,4008.65,4009.51,4007.76,4008.36,331,0,5
2025-11-06 13:00:00,XAUUSD,M5,4008.27,4010.62,4008.05,4009.73,335,0,16
2025-11-06 13:05:00,XAUUSD,M5,4009.69,4009.79,4007.66,4008.37,327,0,14
2025-11-06 13:10:00,XAUUSD,M5,4008.32,4009.94,4008.32,4009.91,306,0,5
2025-11-06 13:15:00,XAUUSD,M5,4010.0,4010.43,4008.59,4008.62,332,0,5
2025-11-06 13:20:00,XAUUSD,M5,4008.64,4009.32,4007.3,4007.3,352,0,5
2025-11-06 13:25:00,XAUUSD,M5,4007.24,4011.11,4007.07,4009.47,354,0,16
2025-11-06 13:30:00,XAUUSD,M5,4009.42,4012.9,4009.4,4011.97,381,0,7
2025-11-06 13:35:00,XAUUSD,M5,4011.98,4016.2,4011.94,4015.88,418,0,10
2025-11-06 13:40:00,XAUUSD,M5,4015.93,4017.01,4014.38,4015.97,398,0,16
2025-11-06 13:45:00,XAUUSD,M5,4016.01,4016.76,4013.83,4015.31,379,0,11
2025-11-06 13:50:00,XAUUSD,M5,4015.32,4019.55,4015.23,4017.45,390,0,16
2025-11-06 13:55:00,XAUUSD,M5,4017.46,4018.56,4017.18,4018.11,310,0,16
2025-11-06 14:00:00,XAUUSD,M5,4017.97,4019.5,4013.14,4014.83,403,0,7
2025-11-06 14:05:00,XAUUSD,M5,4014.85,4017.13,4013.28,4013.28,379,0,17
2025-11-06 14:10:00,XAUUSD,M5,4013.26,4014.14,4012.29,4012.8,391,0,17
2025-11-06 14:15:00,XAUUSD,M5,4012.78,4014.57,4012.54,4013.93,364,0,17
2025-11-06 14:20:00,XAUUSD,M5,4013.91,4013.98,4010.53,4012.67,349,0,16
2025-11-06 14:25:00,XAUUSD,M5,4012.7,4013.95,4011.19,4011.59,322,0,10
2025-11-06 14:30:00,XAUUSD,M5,4011.73,4013.19,4010.92,4011.25,320,0,8
2025-11-06 14:35:00,XAUUSD,M5,4011.22,4011.48,4007.01,4008.62,388,0,7
2025-11-06 14:40:00,XAUUSD,M5,4008.53,4010.03,4008.19,4009.18,352,0,17
2025-11-06 14:45:00,XAUUSD,M5,4009.3,4009.97,4007.76,4007.79,334,0,17
2025-11-06 14:50:00,XAUUSD,M5,4007.77,4010.46,4003.19,4005.9,424,0,5
2025-11-06 14:55:00,XAUUSD,M5,4005.89,4007.23,4005.29,4005.29,365,0,17
2025-11-06 15:00:00,XAUUSD,M5,4005.33,4007.73,4003.51,4006.93,444,0,6
2025-11-06 15:05:00,XAUUSD,M5,4006.93,4012.84,4006.29,4010.87,457,0,12
2025-11-06 15:10:00,XAUUSD,M5,4010.36,4012.12,4009.0,4011.78,399,0,16
2025-11-06 15:15:00,XAUUSD,M5,4011.76,4013.54,4010.2,4012.71,391,0,16
2025-11-06 15:20:00,XAUUSD,M5,4012.98,4015.67,4012.64,4013.36,430,0,9
2025-11-06 15:25:00,XAUUSD,M5,4013.36,4015.79,4012.96,4013.37,383,0,17
2025-11-06 15:30:00,XAUUSD,M5,4013.31,4014.38,4010.62,4013.2,373,0,17
2025-11-06 15:35:00,XAUUSD,M5,4013.5,4016.04,4013.13,4014.13,416,0,9
2025-11-06 15:40:00,XAUUSD,M5,4014.26,4015.12,4012.01,4013.7,394,0,16
2025-11-06 15:45:00,XAUUSD,M5,4013.31,4016.02,4013.13,4015.42,371,0,16
2025-11-06 15:50:00,XAUUSD,M5,4015.42,4015.47,4013.04,4013.82,361,0,16
2025-11-06 15:55:00,XAUUSD,M5,4013.8,4014.33,4012.0,4012.1,396,0,17
2025-11-06 16:00:00,XAUUSD,M5,4012.12,4013.83,4007.89,4008.24,432,0,17
2025-11-06 16:05:00,XAUUSD,M5,4008.11,4010.6,4007.02,4009.26,409,0,13
2025-11-06 16:10:00,XAUUSD,M5,4009.25,4009.56,4005.16,4008.32,433,0,17
2025-11-06 16:15:00,XAUUSD,M5,4008.33,4008.33,4001.26,4002.08,445,0,17
2025-11-06 16:20:00,XAUUSD,M5,4002.07,4002.09,3993.42,3995.58,469,0,5
2025-11-06 16:25:00,XAUUSD,M5,3995.49,3997.77,3988.62,3991.74,455,0,16
2025-11-06 16:30:00,XAUUSD,M5,3991.39,3999.93,3990.62,3999.49,483,0,16
2025-11-06 16:35:00,XAUUSD,M5,3999.59,4002.74,3998.52,3999.27,458,0,16
2025-11-06 16:40:00,XAUUSD,M5,3999.26,4000.14,3994.55,3998.11,471,0,5
2025-11-06 16:45:00,XAUUSD,M5,3998.34,4000.87,3997.39,3998.74,450,0,8
2025-11-06 16:50:00,XAUUSD,M5,3999.01,3999.33,3994.54,3996.16,456,0,16
2025-11-06 16:55:00,XAUUSD,M5,3995.94,3996.94,3992.83,3993.06,437,0,5
2025-11-06 17:00:00,XAUUSD,M5,3992.15,3993.66,3978.33,3979.4,497,0,13
2025-11-06 17:05:00,XAUUSD,M5,3979.05,3985.22,3979.05,3982.41,489,0,5
2025-11-06 17:10:00,XAUUSD,M5,3982.32,3987.7,3980.55,3982.56,474,0,7
2025-11-06 17:15:00,XAUUSD,M5,3982.68,3989.51,3981.85,3988.24,468,0,16
2025-11-06 17:20:00,XAUUSD,M5,3987.6,3991.14,3987.51,3989.72,445,0,16
2025-11-06 17:25:00,XAUUSD,M5,3989.92,3990.16,3986.35,3986.7,450,0,16
2025-11-06 17:30:00,XAUUSD,M5,3986.94,3987.21,3979.9,3981.85,463,0,8
2025-11-06 17:35:00,XAUUSD,M5,3981.81,3984.54,3975.6,3980.0,468,0,16
2025-11-06 17:40:00,XAUUSD,M5,3979.93,3984.13,3977.92,3978.36,474,0,16
2025-11-06 17:45:00,XAUUSD,M5,3978.42,3981.89,3976.98,3980.3,466,0,10
2025-11-06 17:50:00,XAUUSD,M5,3980.49,3981.69,3978.71,3981.37,428,0,17
2025-11-06 17:55:00,XAUUSD,M5,3981.35,3983.87,3979.77,3980.25,455,0,8
2025-11-06 18:00:00,XAUUSD,M5,3980.23,3985.64,3979.83,3984.28,462,0,8
2025-11-06 18:05:00,XAUUSD,M5,3984.32,3986.1,3982.81,3985.47,446,0,17
2025-11-06 18:10:00,XAUUSD,M5,3985.33,3986.11,3980.1,3982.0,436,0,16
2025-11-06 18:15:00,XAUUSD,M5,3981.87,3983.45,3976.55,3978.8,465,0,16
2025-11-06 18:20:00,XAUUSD,M5,3978.72,3979.92,3976.82,3979.92,425,0,16
2025-11-06 18:25:00,XAUUSD,M5,3979.71,3983.79,3978.91,3983.69,429,0,5
2025-11-06 18:30:00,XAUUSD,M5,3983.55,3983.84,3977.66,3978.34,428,0,5
2025-11-06 18:35:00,XAUUSD,M5,3979.67,3981.46,3976.55,3980.02,439,0,17
2025-11-06 18:40:00,XAUUSD,M5,3980.35,3980.6,3976.73,3979.19,430,0,17
2025-11-06 18:45:00,XAUUSD,M5,3979.18,3982.41,3977.86,3979.31,415,0,17
2025-11-06 18:50:00,XAUUSD,M5,3979.29,3984.67,3979.14,3981.83,425,0,14
2025-11-06 18:55:00,XAUUSD,M5,3981.68,3981.73,3979.03,3980.9,418,0,17
2025-11-06 19:00:00,XAUUSD,M5,3981.3,3984.74,3981.1,3983.86,435,0,17
2025-11-06 19:05:00,XAUUSD,M5,3983.71,3985.37,3981.27,3983.49,410,0,18
2025-11-06 19:10:00,XAUUSD,M5,3983.57,3985.17,3978.21,3978.51,432,0,18
2025-11-06 19:15:00,XAUUSD,M5,3978.65,3979.23,3972.85,3977.87,452,0,14
2025-11-06 19:20:00,XAUUSD,M5,3977.66,3977.66,3967.09,3967.54,462,0,6
2025-11-06 19:25:00,XAUUSD,M5,3967.43,3970.38,3965.73,3969.94,470,0,17
2025-11-06 19:30:00,XAUUSD,M5,3969.75,3973.58,3967.88,3972.4,448,0,16
2025-11-06 19:35:00,XAUUSD,M5,3972.21,3975.32,3972.09,3975.2,423,0,16
2025-11-06 19:40:00,XAUUSD,M5,3975.09,3982.53,3975.01,3981.88,438,0,16
2025-11-06 19:45:00,XAUUSD,M5,3981.93,3985.18,3981.45,3984.6,439,0,16
2025-11-06 19:50:00,XAUUSD,M5,3984.51,3987.88,3984.43,3986.07,430,0,5
2025-11-06 19:55:00,XAUUSD,M5,3986.08,3987.58,3984.63,3986.4,416,0,8
2025-11-06 20:00:00,XAUUSD,M5,3986.48,3986.7,3982.44,3982.66,413,0,15
2025-11-06 20:05:00,XAUUSD,M5,3982.65,3983.93,3980.33,3982.29,410,0,8
2025-11-06 20:10:00,XAUUSD,M5,3982.29,3984.13,3981.41,3984.04,395,0,17
2025-11-06 20:15:00,XAUUSD,M5,3983.99,3985.83,3983.79,3985.19,406,0,5
2025-11-06 20:20:00,XAUUSD,M5,3985.17,3988.71,3984.58,3988.33,390,0,5
2025-11-06 20:25:00,XAUUSD,M5,3988.19,3989.35,3982.1,3983.29,428,0,5
2025-11-06 20:30:00,XAUUSD,M5,3983.71,3989.62,3983.71,3987.46,388,0,16
2025-11-06 20:35:00,XAUUSD,M5,3987.42,3989.26,3986.16,3989.25,354,0,17
2025-11-06 20:40:00,XAUUSD,M5,3989.39,3991.12,3988.43,3989.43,378,0,17
2025-11-06 20:45:00,XAUUSD,M5,3989.44,3989.56,3986.61,3988.88,406,0,17
2025-11-06 20:50:00,XAUUSD,M5,3989.05,3990.51,3987.44,3988.28,356,0,17
2025-11-06 20:55:00,XAUUSD,M5,3988.3,3988.3,3986.36,3987.72,377,0,16
2025-11-06 21:00:00,XAUUSD,M5,3987.82,3989.66,3986.63,3988.7,425,0,16
2025-11-06 21:05:00,XAUUSD,M5,3988.69,3991.44,3988.02,3990.59,400,0,16
2025-11-06 21:10:00,XAUUSD,M5,3990.59,3995.19,3990.59,3995.09,401,0,5
2025-11-06 21:15:00,XAUUSD,M5,3995.21,3995.23,3993.02,3993.74,407,0,16
2025-11-06 21:20:00,XAUUSD,M5,3993.78,3994.27,3992.93,3993.39,360,0,16
2025-11-06 21:25:00,XAUUSD,M5,3993.44,3993.65,3992.22,3992.35,363,0,16
2025-11-06 21:30:00,XAUUSD,M5,3992.43,3992.72,3990.87,3990.93,367,0,6
2025-11-06 21:35:00,XAUUSD,M5,3990.91,3991.4,3990.1,3991.27,364,0,16
2025-11-06 21:40:00,XAUUSD,M5,3991.28,3991.44,3988.31,3989.44,377,0,5
2025-11-06 21:45:00,XAUUSD,M5,3989.46,3990.17,3985.19,3985.31,395,0,17
2025-11-06 21:50:00,XAUUSD,M5,3985.38,3986.45,3983.12,3985.4,418,0,5
2025-11-06 21:55:00,XAUUSD,M5,3985.35,3987.15,3984.94,3985.32,394,0,9
2025-11-06 22:00:00,XAUUSD,M5,3985.09,3987.22,3984.72,3985.59,360,0,17
2025-11-06 22:05:00,XAUUSD,M5,3985.57,3987.06,3984.55,3986.56,377,0,17
2025-11-06 22:10:00,XAUUSD,M5,3986.51,3986.6,3982.66,3984.61,362,0,10
2025-11-06 22:15:00,XAUUSD,M5,3984.6,3984.64,3982.17,3983.79,374,0,7
2025-11-06 22:20:00,XAUUSD,M5,3983.86,3985.14,3982.89,3983.69,392,0,17
2025-11-06 22:25:00,XAUUSD,M5,3983.71,3984.8,3982.03,3982.6,369,0,17
2025-11-06 22:30:00,XAUUSD,M5,3982.67,3986.43,3982.57,3986.31,414,0,17
2025-11-06 22:35:00,XAUUSD,M5,3986.3,3986.79,3983.66,3983.94,362,0,17
2025-11-06 22:40:00,XAUUSD,M5,3983.94,3986.0,3983.03,3984.01,378,0,17
2025-11-06 22:45:00,XAUUSD,M5,3983.97,3983.97,3981.71,3981.71,442,0,17
2025-11-06 22:50:00,XAUUSD,M5,3981.72,3983.57,3981.33,3982.15,465,0,16
2025-11-06 22:55:00,XAUUSD,M5,3982.32,3982.32,3979.44,3980.73,451,0,16
2025-11-06 23:00:00,XAUUSD,M5,3980.39,3982.13,3979.93,3980.79,411,0,17
2025-11-06 23:05:00,XAUUSD,M5,3980.7,3980.83,3977.99,3980.24,355,0,17
2025-11-06 23:10:00,XAUUSD,M5,3980.36,3981.33,3980.01,3981.27,153,0,16
2025-11-06 23:15:00,XAUUSD,M5,3981.25,3981.25,3979.75,3979.75,190,0,16
2025-11-06 23:20:00,XAUUSD,M5,3979.69,3979.93,3978.44,3979.61,180,0,16
2025-11-06 23:25:00,XAUUSD,M5,3979.78,3981.7,3978.91,3980.6,266,0,17
2025-11-06 23:30:00,XAUUSD,M5,3980.62,3981.08,3978.48,3979.15,281,0,17
2025-11-06 23:35:00,XAUUSD,M5,3979.13,3979.75,3978.53,3979.01,215,0,17
2025-11-06 23:40:00,XAUUSD,M5,3979.04,3979.73,3978.39,3978.77,234,0,17
2025-11-06 23:45:00,XAUUSD,M5,3978.8,3979.24,3977.57,3977.8,199,0,17
2025-11-06 23:50:00,XAUUSD,M5,3977.79,3978.45,3976.51,3977.25,265,0,17
2025-11-06 23:55:00,XAUUSD,M5,3977.57,3977.9,3976.83,3976.88,97,0,50
2025-11-07 01:00:00,XAUUSD,M5,3976.1,3982.45,3974.49,3979.1,425,0,23
2025-11-07 01:05:00,XAUUSD,M5,3978.98,3981.32,3978.19,3981.24,192,0,17
2025-11-07 01:10:00,XAUUSD,M5,3981.22,3983.09,3981.0,3981.22,221,0,5
2025-11-07 01:15:00,XAUUSD,M5,3981.21,3984.15,3980.79,3984.08,223,0,5
2025-11-07 01:20:00,XAUUSD,M5,3984.07,3985.0,3983.64,3984.9,221,0,17
2025-11-07 01:25:00,XAUUSD,M5,3984.92,3985.19,3982.76,3983.51,218,0,5
2025-11-07 01:30:00,XAUUSD,M5,3983.52,3984.1,3981.89,3983.71,203,0,17
2025-11-07 01:35:00,XAUUSD,M5,3983.73,3987.1,3983.73,3985.84,308,0,5
2025-11-07 01:40:00,XAUUSD,M5,3985.86,3987.8,3985.48,3986.01,347,0,5
2025-11-07 01:45:00,XAUUSD,M5,3986.01,3988.32,3985.99,3988.19,277,0,17
2025-11-07 01:50:00,XAUUSD,M5,3988.22,3989.69,3988.03,3989.54,272,0,16
2025-11-07 01:55:00,XAUUSD,M5,3989.5,3989.52,3988.37,3989.18,216,0,16
2025-11-07 02:00:00,XAUUSD,M5,3988.96,3989.73,3986.58,3987.26,344,0,16
2025-11-07 02:05:00,XAUUSD,M5,3987.29,3989.65,3985.9,3985.99,325,0,16
2025-11-07 02:10:00,XAUUSD,M5,3985.97,3987.38,3984.57,3987.23,307,0,16
2025-11-07 02:15:00,XAUUSD,M5,3987.24,3990.9,3986.65,3990.68,330,0,16
2025-11-07 02:20:00,XAUUSD,M5,3990.73,3992.63,3990.23,3991.51,365,0,7
2025-11-07 02:25:00,XAUUSD,M5,3991.47,3991.74,3990.67,3991.63,294,0,8
2025-11-07 02:30:00,XAUUSD,M5,3991.64,3994.33,3991.59,3992.57,364,0,7
2025-11-07 02:35:00,XAUUSD,M5,3992.61,3992.67,3990.05,3990.33,344,0,5
2025-11-07 02:40:00,XAUUSD,M5,3990.35,3991.41,3989.54,3990.87,388,0,11
2025-11-07 02:45:00,XAUUSD,M5,3991.05,3991.37,3989.9,3990.3,294,0,5
2025-11-07 02:50:00,XAUUSD,M5,3990.52,3991.03,3988.57,3988.92,306,0,6
2025-11-07 02:55:00,XAUUSD,M5,3988.87,3989.62,3987.97,3988.66,379,0,17
2025-11-07 03:00:00,XAUUSD,M5,3988.61,3993.41,3987.32,3993.35,483,0,17
2025-11-07 03:05:00,XAUUSD,M5,3993.51,3996.39,3992.61,3996.39,448,0,5
2025-11-07 03:10:00,XAUUSD,M5,3996.35,4000.14,3996.35,3998.98,443,0,16
2025-11-07 03:15:00,XAUUSD,M5,3998.88,4001.76,3998.38,3999.71,438,0,16
2025-11-07 03:20:00,XAUUSD,M5,3999.75,4001.31,3998.68,3999.31,414,0,16
2025-11-07 03:25:00,XAUUSD,M5,3999.16,3999.7,3996.84,3997.45,380,0,17
2025-11-07 03:30:00,XAUUSD,M5,3997.51,3998.54,3995.18,3996.14,381,0,17
2025-11-07 03:35:00,XAUUSD,M5,3996.14,3997.88,3994.99,3997.73,401,0,14
2025-11-07 03:40:00,XAUUSD,M5,3997.72,4002.72,3997.72,4002.04,408,0,16
2025-11-07 03:45:00,XAUUSD,M5,4002.09,4002.72,3999.8,4000.2,371,0,17
2025-11-07 03:50:00,XAUUSD,M5,4000.13,4002.79,3999.25,4002.65,320,0,11
2025-11-07 03:55:00,XAUUSD,M5,4002.65,4002.65,4001.57,4001.72,313,0,13
2025-11-07 04:00:00,XAUUSD,M5,4001.87,4003.6,4001.57,4001.76,335,0,16
2025-11-07 04:05:00,XAUUSD,M5,4001.75,4002.14,3998.82,4001.98,344,0,16
2025-11-07 04:10:00,XAUUSD,M5,4001.94,4002.32,3998.04,3998.07,343,0,16
2025-11-07 04:15:00,XAUUSD,M5,3998.03,3998.06,3995.48,3996.04,331,0,16
2025-11-07 04:20:00,XAUUSD,M5,3996.03,3998.12,3994.26,3996.42,327,0,17
2025-11-07 04:25:00,XAUUSD,M5,3996.43,3998.12,3995.31,3995.62,331,0,17
2025-11-07 04:30:00,XAUUSD,M5,3995.55,3996.42,3991.41,3993.56,404,0,16
2025-11-07 04:35:00,XAUUSD,M5,3993.55,3998.73,3993.18,3998.39,359,0,17
2025-11-07 04:40:00,XAUUSD,M5,3998.41,3998.55,3992.45,3993.08,329,0,16
2025-11-07 04:45:00,XAUUSD,M5,3992.91,3995.38,3992.91,3994.58,340,0,16
2025-11-07 04:50:00,XAUUSD,M5,3994.75,3997.4,3994.18,3997.08,319,0,17
2025-11-07 04:55:00,XAUUSD,M5,3997.21,3997.39,3994.79,3995.36,309,0,17
2025-11-07 05:00:00,XAUUSD,M5,3995.24,3996.46,3991.29,3991.69,304,0,17
2025-11-07 05:05:00,XAUUSD,M5,3991.74,3993.09,3989.14,3989.33,378,0,17
2025-11-07 05:10:00,XAUUSD,M5,3989.36,3991.34,3988.3,3991.16,355,0,17
2025-11-07 05:15:00,XAUUSD,M5,3991.17,3992.47,3989.96,3990.19,345,0,17
2025-11-07 05:20:00,XAUUSD,M5,3990.1,3991.88,3988.7,3991.59,338,0,17
2025-11-07 05:25:00,XAUUSD,M5,3991.79,3993.38,3991.14,3992.63,304,0,17
2025-11-07 05:30:00,XAUUSD,M5,3992.49,3992.73,3991.42,3992.03,253,0,17
2025-11-07 05:35:00,XAUUSD,M5,3991.9,3994.33,3991.05,3992.79,262,0,17
2025-11-07 05:40:00,XAUUSD,M5,3992.8,3995.27,3992.74,3994.76,276,0,17
2025-11-07 05:45:00,XAUUSD,M5,3994.75,3994.85,3993.55,3994.55,263,0,17
2025-11-07 05:50:00,XAUUSD,M5,3994.62,3994.67,3990.13,3990.48,300,0,16
2025-11-07 05:55:00,XAUUSD,M5,3990.34,3991.66,3989.7,3990.46,296,0,16
2025-11-07 06:00:00,XAUUSD,M5,3990.41,3990.95,3985.59,3990.33,346,0,16
2025-11-07 06:05:00,XAUUSD,M5,3990.29,3992.21,3989.74,3991.82,366,0,14
2025-11-07 06:10:00,XAUUSD,M5,3991.88,3993.07,3991.1,3991.1,292,0,16
2025-11-07 06:15:00,XAUUSD,M5,3991.1,3994.96,3990.52,3994.83,299,0,16
2025-11-07 06:20:00,XAUUSD,M5,3994.82,3997.8,3994.76,3996.48,364,0,16
2025-11-07 06:25:00,XAUUSD,M5,3996.43,3996.54,3994.65,3996.43,295,0,16
2025-11-07 06:30:00,XAUUSD,M5,3996.47,3997.47,3993.84,3994.31,310,0,16
2025-11-07 06:35:00,XAUUSD,M5,3994.33,3995.64,3993.57,3995.44,258,0,15
2025-11-07 06:40:00,XAUUSD,M5,3995.46,3996.87,3995.25,3995.44,252,0,17
2025-11-07 06:45:00,XAUUSD,M5,3995.43,3996.88,3995.01,3996.45,247,0,17
2025-11-07 06:50:00,XAUUSD,M5,3996.71,3998.27,3996.71,3998.13,269,0,17
2025-11-07 06:55:00,XAUUSD,M5,3998.11,3998.61,3997.2,3998.42,213,0,17
2025-11-07 07:00:00,XAUUSD,M5,3998.57,3998.71,3997.15,3997.95,273,0,17
2025-11-07 07:05:00,XAUUSD,M5,3997.96,3998.74,3996.41,3998.51,293,0,16
2025-11-07 07:10:00,XAUUSD,M5,3998.44,3998.82,3997.55,3997.75,226,0,17
2025-11-07 07:15:00,XAUUSD,M5,3997.74,3997.74,3995.09,3997.17,271,0,17
2025-11-07 07:20:00,XAUUSD,M5,3997.13,3997.77,3992.17,3992.26,328,0,16
2025-11-07 07:25:00,XAUUSD,M5,3992.21,3994.92,3991.98,3994.13,308,0,17
2025-11-07 07:30:00,XAUUSD,M5,3994.12,3997.53,3994.06,3995.76,408,0,5
2025-11-07 07:35:00,XAUUSD,M5,3995.72,3997.67,3994.87,3997.67,328,0,5
2025-11-07 07:40:00,XAUUSD,M5,3997.77,3998.03,3995.88,3996.5,317,0,16
2025-11-07 07:45:00,XAUUSD,M5,3996.53,3997.05,3994.19,3994.54,339,0,17
2025-11-07 07:50:00,XAUUSD,M5,3994.67,3997.76,3993.49,3993.59,352,0,17
2025-11-07 07:55:00,XAUUSD,M5,3993.68,3997.23,3993.61,3995.22,378,0,9
2025-11-07 08:00:00,XAUUSD,M5,3995.18,3995.37,3992.56,3993.06,387,0,5
2025-11-07 08:05:00,XAUUSD,M5,3993.03,3996.65,3992.51,3995.31,365,0,16
2025-11-07 08:10:00,XAUUSD,M5,3995.29,3997.03,3993.99,3995.31,321,0,9
2025-11-07 08:15:00,XAUUSD,M5,3995.35,3997.36,3994.67,3996.99,326,0,17
2025-11-07 08:20:00,XAUUSD,M5,3996.8,4000.04,3996.29,3998.74,360,0,16
2025-11-07 08:25:00,XAUUSD,M5,3998.79,3999.08,3996.61,3998.3,324,0,16
2025-11-07 08:30:00,XAUUSD,M5,3998.05,4002.25,3996.22,4002.1,390,0,17
2025-11-07 08:35:00,XAUUSD,M5,4002.07,4003.04,4000.13,4000.76,401,0,5
2025-11-07 08:40:00,XAUUSD,M5,4000.64,4002.11,4000.48,4001.36,338,0,5
2025-11-07 08:45:00,XAUUSD,M5,4001.45,4004.46,4001.34,4003.89,313,0,16
2025-11-07 08:50:00,XAUUSD,M5,4003.71,4008.39,4003.71,4006.93,411,0,16
2025-11-07 08:55:00,XAUUSD,M5,4006.87,4008.33,4005.81,4006.84,391,0,17
